"artist_name","album_name"
"Bad Bunny","Un Verano Sin Ti"
"Tomoko Aran","浮遊空間"
"Ken Carson","X"
"Juice WRLD","Too Soon..."
"Bring Me the Horizon","POST HUMAN: SURVIVAL HORROR"
"DJ GUDOG","RITMADINHA DANÇANTE"
"Machine Girl","WLFGRL"
"Yves Tumor","Praise A Lord Who Chews But Which Does Not Consume; (Or Simply: Hot Between Worlds)"
"PJ Harvey","To Bring You My Love"
"Air","Moon Safari"
"Kali Uchis","Red Moon in Venus"
"Slowboy","Life in Rio"
"Travi$ Scott","Rodeo (Deluxe)"
"Björk","Homogenic"
"50 Cent","Window Shopper"
"Steve Lacy","Playground"
"Thee Sacred Souls","Can I Call You Rose?"
"Gracie Abrams","Good Riddance"
"D.O.","I Do - Single"
"Cake","Comfort Eagle (Final Album Master)"
"Michael Jackson","love song"
"Turnover","Peripheral Vision"
"Frankie Goes to Hollywood","Bang !"
"The Weeknd","After Hours (Target Exclusive)"
"Billy Idol","Greatest Hits"
"Earl Sweatshirt","The Mint (feat. Navy Blue) - Single"
"Mac Miller","K.I.D.S."
"Sufjan Stevens","Carrie & Lowell"
"Kygo","Firestone"
"THE KOOKS","Inside In/Inside Out"
"Feid","FERXXO 151"
"One Direction","Take Me Home"
"Twin Peaks","Blue Coupe / On the Line"
"dosii","echo"
"高中正義","Seychelles"
"My Chemical Romance","Danger Days: The True Lives of the Fabulous Killjoys"
"Nicki Minaj","Truffle Butter"
"Odetari","WET DREAMS (w/ Nimstarr)"
"Roberta Flack","Killing Me Softly"
"Titãs","A Melhor Banda de Todos os Tempos da Última Semana"
"Counting Crows","Accidentally In Love"
"bôa","Twilight"
"Various Artists","Ö3 Greatest Hits Vol. 86"
"Eartheater","Powders [Explicit]"
"Daft Punk","Homework"
"Dominic Fike","Sunburn"
"Vance Joy","Nation of Two"
"The All-American Rejects","The All-American Rejects"
"Denise Julia","NVMD - Single"
"João Gilberto","João Voz E Violão"
"LOVING","Loving"
"I Prevail","TRAUMA"
"Lupe Fiasco","Lasers"
"My Bloody Valentine","2008-06-24: The Roundhouse, London, England, UK"
"King Krule","6 Feet Beneath The Moon"
"Jonas Blue","Fast Car"
"I DONT KNOW HOW BUT THEY FOUND ME","1981 Extended Play"
"Lady Gaga","The Fame"
"New Order","Singles (disc 2)"
"wave to earth","uncounted 0.00"
"Maisie Peters","Not Another Rockstar"
"Kim Petras","Feed the Beast"
"Key","Good & Great - The 2nd Mini Album"
"Goo Goo Dolls","Dizzy Up the Girl"
"Three Days Grace","One-X"
"Various Artists","Hits del Rock Latino"
"Neil Young","Harvest"
"Various Artists","Good Will Hunting"
"BLACKPINK","THEBEST"
"Dominic Fike","What Could Possibly Go Wrong [Explicit]"
"Jay-Z","Live In Brooklyn"
"Anarbor","Burnout"
"Slayer","South of Heaven"
"Tiffany","I Think We're Alone Now: '80s Hits And More"
"Stone Temple Pilots","Core"
"MF DOOM","MM..Food"
"Various Artists","NOW That's What I Call Music!, Vol. 60 (Deluxe Edition)"
"Dominic Fike","Politics & Violence"
"Stevie Wonder","The Definitive Collection"
"Ariana Grande","Dangerous Woman"
"Various Artists","Volta às Aulas"
"blink-182","Enema of the State"
"EVNNE","Target: ME"
"Barenaked Ladies","Stunt"
"Gal Costa","Cantar"
"Mitski","Retired from Sad, New Career in Business"
"Kanye West","Live in Amsterdam: Semester Over Seas ’05"
"Teddy Swims","I've Tried Everything But Therapy (Part 1)"
"Get Scared","Built For Blame, Laced With Shame"
"Lady Gaga","ARTPOP"
"Kid Cudi","Man on the Moon: The End of Day"
"The Kinks","Something Else By The Kinks"
"Missy Elliott","Respect M.E."
"Desireless","François"
"Bella Poarch","Build a Bitch"
"Mayday Parade","A Lesson in Romantics"
"Bruce Springsteen","Born in the U.S.A."
"DEAN","130 mood : TRBL"
"Saint Motel","My Type EP"
"Butthole Surfers","Electriclarryland"
"Various Artists","Smash Hits Girl Power"
"A Tribe Called Quest","Beats, Rhymes and Life"
"Nas","Magic 3"
"Tool","10,000 Days"
"Red Hot Chili Peppers","By the Way"
"James Arthur","Impossible"
"Lupe Fiasco","Food & Liquor"
"TOMORROW X TOGETHER","The Dream Chapter: MAGIC"
"Kali Uchis","Sin Miedo"
"Kanye West","808s & Heartbreak"
"Slowdive","Just for a Day"
"IZ*ONE","Twelve"
"Deerhunter","Halcyon Digest"
"Maisie Peters","The Good Witch"
"Falling in Reverse","Zombified"
"Ben Liebrand–","Grandmix Special Edition"
"Isaiah Rashad","The Sun's Tirade"
"Dr. Dre","Death Row Dayz"
"ODD EYE CIRCLE","Version Up"
"Yves Tumor","Echolalia"
"Shy Glizzy","Young Jefe"
"Porter Robinson","Everything Goes On"
"John Mayer","Continuum"
"Rex Orange County","Apricot Princess"
"Tim Maia","Minha História"
"Stevie Wonder","Songs in the Key of Life"
"Alice in Chains","Dirt (2022 Remaster)"
"Starset","Transmissions"
"Kanye West","Donda"
"Penelope Scott","Public Void"
"BTS","MIC Drop/DNA/Crystal Snow"
"Depeche Mode","Playing the Angel"
"Animal Collective","Merriweather Post Pavilion"
"IU","LILAC"
"LCD Soundsystem","Sound Of Silver"
"Drake","If You're Reading This It's Too Late"
"Vancouver Sleep Clinic","Revival"
"$uicideboy$","Big Shot Cream Soda"
"Melanie Martinez","Cry Baby"
"Kendrick Lamar","untitled unmastered."
"The Clash","The Singles"
"Bakar","I’m Done"
"Panic! at the Disco","A Fever You Can't Sweat Out"
"Deftones","White Pony"
"Staind","Break the Cycle"
"Nicki Nicole","8 AM"
"Avenged Sevenfold","Hail To The King"
"Wasteey Monroe","Get It (feat. Tay-K) - Single"
"DJ Rectangle","Unbeatable Dragon"
"Calvin Harris","Promises"
"Jenna Raine","It Is What It Is"
"Taylor Swift","Speak Now"
"Arca","KICK ii"
"Pop Smoke","Meet The Woo 2 (Deluxe)"
"Madvillain","Madvillainy"
"Creed","Human Clay"
"RADWIMPS","Suzume (Motion Picture Soundtrack)"
"Rushy","Pressure"
"Falling in Reverse","Just Like You (Deluxe Edition)"
"5 Seconds of Summer","Meet You There Tour Live"
"Nardo Wick","Who is Nardo Wick?? (Deluxe)"
"Sault","Untitled (Black Is)"
"The Doors","The Doors"
"Louis Tomlinson","Faith in the Future"
"Leah Kate","10 Things I Hate About You - Single"
"Various Artists","Brand New Music"
"Bbygirl","Bando - Sped Up + Reverb - Single"
"Gang of Four","Entertainment!"
"TOMORROW X TOGETHER","Minisode1 : BLUE HOUR - EP"
"Victoria Monét","JAGUAR II"
"Astrud Gilberto","The Astrud Gilberto Album"
"Genevieve Stokes","Habits"
"The National","Trouble Will Find Me"
"Weezer","Pinkerton"
"Living Colour","Vivid"
"Lorna Shore","To the Hellfire"
"The Neighbourhood","I'm Sorry..."
"Whethan","sick of myself"
"Fall Out Boy","Save Rock and Roll"
"Chris Brown","Exclusive"
"$uicideboy$","Radical $uicide"
"Post Malone","Stoney (Deluxe)"
"Tate McRae","feel like shit"
"Jack Harlow","Jackman."
"Peter Gabriel","Hit"
"5 Seconds of Summer","5SOS5"
"Sam Smith","Lay Me Down"
"Jason Derülo","Jason Derülo"
"Bob Dylan","Nashville Skyline"
"Lil Yachty","Let’s Start Here."
"Various Artists","Now That's What I Call Music, Vol. 79"
"Cobra Starship","Hot Mess"
"Sting","Ten Summoner's Tales"
"Various Artists","Now That's What I Call Music 20"
"FLO","The Lead"
"Various Artists","Solo Éxitos en Español"
"Arctic Monkeys","Favourite Worst Nightmare"
"A$AP Rocky","LiveLoveA$AP"
"The Beatles","Rubber Soul (Remastered)"
"Beach House","Depression Cherry"
"Wisin & Yandel","La Última Misión"
"Marina Sena","De Primeira"
"Russ","There's Really a Wolf"
"Vendredi sur Mer","Écoute Chérie"
"Justin Bieber","My World"
"DNCE","SWAAY"
"Victoria Monét","Party Girls (feat. Buju Banton) - Single"
"JPEGMAFIA","EP"
"Waterparks","Double Dare"
"Sophie Holohan","Cognitive Dissonance"
"Sleep Token","Take Me Back to Eden"
"Freddie Dredd","All Alone - Single"
"Little Mix","Confetti"
"The Last Shadow Puppets","My Mistakes Were Made For You"
"Autumn!","Golden Child, Chapter 1"
"Rauw Alejandro","PUNTO 40"
"Salvia Palth","melanchole remaster"
"Nick Jonas","Jealous (Remix)"
"Red Velvet","Summer Magic"
"Laufey","Best Friend - Single"
"Sufjan Stevens","Illinois"
"Tove Lo","Borderline"
"Beck","Modern Guilt"
"Hozier","Hozier"
"Various Artists","Finde para descansar"
"Gunna","DS4EVER"
"Various Artists","The Playlist - Kids Party"
"Kendrick Lamar","Mr. Morale & the Big Steppers"
"Citizen","Youth"
"NewJeans","Zero (J.I.D Remix)"
"Dreamcatcher","Crossroads: Part 2. Dystopia Concert"
"Kanye West","My Beautiful Dark Twisted Fantasy"
"BROCKHAMPTON","NO HALO"
"JPEGMAFIA","LP!"
"Kanye West","The College Dropout"
"Nirvana","MTV Unplugged in New York [live]"
"Big Thief","Dragon New Warm Mountain I Believe in You"
"Chase Atlantic","BEAUTY IN DEATH"
"Maroon 5","What Lovers Do (feat. SZA)"
"Twenty One Pilots","Vessel"
"Slipknot","Iowa"
"daste.","Same as It Ever Was"
"C418","Minecraft - Volume Beta"
"Bob Marley & The Wailers","Legend"
"The Doors","Morrison Hotel"
"Oasis","Definitely Maybe (Remastered)"
"Everglow","Last Melody - Single"
"Alok","Car Keys (Ayla)"
"Ricky Nelson","Ricky Nelson's Greatest Hits Revisited"
"Mazzy Star","So Tonight That I Might See"
"Arctic Monkeys","Beneath the Boardwalk"
"CHUNG HA","Stay Tonight"
"Taco Hemingway","1-800-OŚWIECENIE [Explicit]"
"Drake","IF YOURE READING THIS ITS TOO LATE"
"Annie Mac","Annie Mac Presents 2010"
"dodie","Love To Keep Me Warm - Single"
"Chopin; Claudio Arrau","Arrau Heritage: Chopin"
"Sophie","OIL OF EVERY PEARL'S UN-INSIDES"
"Grimes","Art Angels"
"Eminem","KILLSHOT"
"The Black Keys","El Camino"
"Paramore","All We Know Is Falling"
"Pulp","Different Class"
"Selena Gomez","Rare (Deluxe)"
"Bring Me the Horizon","DiE4u - Single"
"Alex G","TRICK"
"Radiohead","A Moon Shaped Pool"
"Led Zeppelin","Led Zeppelin I (1994 Remaster)"
"Nas","Illmatic"
"I Monster","Neveroddoreven"
"Post Malone","AUSTIN"
"Bad Omens","Finding God Before God Finds Me"
"Various Artists","Summer Workout Hits"
"Hotel Ugly","The Mannequin Song - Single"
"Tove Lo","Lady Wood"
"A$AP Rocky","A$AP Forever (feat. Moby) - Single"
"Lizzy McAlpine","Give Me A Minute"
"Drake","Scorpion [Clean] [Clean]"
"Various Artists","Paris For Lovers"
"Miracle Musical","Hawaii: Part II"
"50 Cent","Get Rich Or Die Tryin'"
"d4vd","worthless"
"Horse Jumper of Love","Horse Jumper of Love"
"Capcom Sound Team","Devil May Cry 5 Special Edition VERGIL Sound Selection"
"Miley Cyrus","Plastic Hearts"
"Björk","Debut"
"Ethel Cain","Preacher's Daughter"
"Matt Maltese","Krystal [Explicit]"
"Brenda Lee","The Definitive Collection"
"Bullet for My Valentine","Your Betrayal"
"wave to earth","nouvelle vague"
"Riovaz","Prom Night - Single"
"Metallica","Lux Æterna"
"Nina Simone","Ne me quitte pas"
"Various Artists","Country Music for Kids"
"Madvillain","Madvillainy Instrumentals"
"Various Artists","Sunday Best"
"Bon Iver","Blood Bank"
"Various Artists","Teen Beach Movie"
"YABUJIN","FLASH DESIRE"
"Ghost","IMPERA [Explicit]"
"Turnstile","Love Connection"
"Kali Uchis","Sin Miedo (del Amor y Otros Demonios) ∞ [Deluxe Version]"
"The Rolling Stones","Aftermath"
"ROAR","I'm Not Here To Make Friends"
"Aventura","We Broke The Rules"
"The Beatles","A Hard Day's Night (Remastered)"
"Jawny","Anything You Want"
"FBC","PADRIM"
"The Weeknd","Kiss Land"
"Steve Lacy","Gemini Rights"
"Céline Dion","All the Way... A Decade of Song"
"Arctic Monkeys","I Bet You Look Good on the Dancefloor"
"DJ Khaled","We the Best Forever"
"Arcade Fire","Funeral"
"Future","I NEVER LIKED YOU"
"Various Artists","Night Drive Mix"
"Hollow Coves","Wanderlust"
"Enrique Iglesias","Euphoria"
"TV Girl","Death of a Party Girl"
"Vansire","Halcyon Age"
"Bad Omens","Limits"
"King Krule","The OOZ"
"Cigarettes After Sex","Cigarettes After Sex"
"Doja Cat","Hot Pink"
"Baby Keem","The Melodic Blue"
"Dr. Dog","B-Room"
"Redveil","Niagara"
"Cavetown","Home - Single"
"Ms. Lauryn Hill","The Miseducation Of"
"Arctic Monkeys","Whatever People Say I Am, That’s What I’m Not"
"Ado","Show"
"Various Artists","EDM: Electronic Dance Music"
"Rammstein","Muttertag"
"Peso Pluma","Bye"
"Slipknot","Slipknot"
"JO YURI","GLASSY"
"Megan Thee Stallion","Suga"
"Katy Perry","PRISM"
"Sodikken","Misery Meat - Single"
"Various Artists","Now That's What I Call Vibezz, Vol. 1 by Chris Klemens"
"Various Artists","24 Hours Of R&B"
"Lebanon Hanover","Let Them Be Alien"
"Good Charlotte","Greatest Hits"
"Azealia Banks","Fantasea"
"Lana Del Rey","Chemtrails Over the Country Club"
"Gorillaz","Humanz (Deluxe)"
"Chief Keef","4NEM"
"Kordhell","Scopin"
"Frank Ocean","Lens"
"Romy","Mid Air"
"Brent Faiyaz","Running on E"
"Rina Sawayama","SAWAYAMA [Explicit]"
"Sneaker Pimps","Becoming X"
"Rainbow","The Very Best of Rainbow"
"brakence","venus fly trap"
"My Chemical Romance","I Brought You My Bullets, You Brought Me Your Love"
"Young Money","We Are Young Money"
"Trapt","Trapt"
"Clovis Reyes","Fluxxwave - Single"
"Fort Minor","The Rising Tied"
"Pixies","Bossanova"
"Camila Cabello","Don't Go Yet"
"Yung Lean","Unknown Memory"
"The Fray","How to Save a Life"
"System of a Down","Greatest Hits"
"The National","Laugh Track"
"Ashnikko","WEEDKILLER"
"The Beatles","Help! (Remastered)"
"Chase Atlantic","Paradise EP"
"Treasure","THE SECOND STEP : CHAPTER ONE - EP"
"Wild Cherry","Wild Cherry"
"Drake","More Life"
"Alberto Baldan Bembo","L'Amica Di Mia Madre"
"Bo Burnham","Inside"
"Ariana Grande","The Way - EP"
"Polyphia","ABC (feat. Sophia Black) - Single"
"Nas","Greatest Hits"
"Various Artists","Ice Cream Social"
"Sexyy Red","hood hottest princess"
"Ariana Grande","Focus - Single"
"Madness","Divine Madness"
"Phil Collins","Greatest Hits & Best Songs"
"Winter Aid","The Wisp Sings"
"Various Artists","Grown & Sexy"
"Rihanna","Good Girl Gone Bad"
"System of a Down","Mezmerize"
"Kanye West","JESUS IS KING"
"Sxmpra","COWBELL WARRIOR!"
"Rod Wave","Come See Me"
"Arctic Monkeys","The Car"
"Paramore","Brand New Eyes"
"Lewis Capaldi","Forget Me"
"The Prodigy","The Fat Of The Land"
"Her's","Songs of Her's"
"Clairo","Immunity [Explicit]"
"Taylor Dayne","Greatest Hits"
"Fiona Apple","Fetch the Bolt Cutters"
"TOMORROW X TOGETHER","꿈의 장: STAR"
"Linkin Park","Road To Revolution: Live at Milton Keynes"
"Joji","Nectar"
"Tiësto","Drifting"
"Funkadelic","Maggot Brain"
"Jamiroquai","High Times: Singles 1992-2006 (Remastered)"
"The Plot in You","Feel Nothing"
"Young Thug","So Much Fun (Deluxe)"
"Pixies","Doolittle"
"The Weeknd","House of Balloons"
"The Killers","Your Side of Town"
"Korn","Live & Rare"
"Deftones","Koi No Yokan"
"Reneé Rapp","EVERYTHING TO EVERYONE"
"Bebe Rexha","All Your Fault: Pt. 2"
"Kanye West","Late Registration"
"Mötley Crüe","Girls, Girls, Girls"
"BTS","MAP OF THE SOUL : 7"
"xikers","HOUSE OF TRICKY : Doorbell Ringing"
"Bob Dylan","Greatest Hits"
"Tory Lanez","Alone at Prom"
"Various Artists","RTL Sommer Hits 2010"
"Tainy","DATA LOADING."
"Rocco","spin you round"
"Glass Animals","How to Be a Human Being"
"Ed Sheeran","Autumn Variations"
"Kehlani","It Was Good Until It Wasn't"
"Lola Amour","Raining In Manila"
"Sade","The Best Of Sade"
"Juice WRLD","Fighting Demons (Digital Deluxe)"
"Penelope Scott","Goblin Hours"
"Summer 2000","John Krasinski"
"Mazzy Star","Among My Swan"
"Only The Family","Only The Family - Lil Durk Presents: Loyal Bros"
"Pink Floyd","The Wall [2011 - Remaster] (2011 Remastered Version)"
"Ellie Goulding","Delirium"
"Interpol","live session"
"Haley Heynderickx","I Need to Start a Garden"
"Siouxsie and the Banshees","Twice Upon a Time: The Singles"
"Becky G","MAMIII"
"Young Thug","BUSINESS IS BUSINESS"
"Tay-K","#SantanaWorld"
"Enrique Iglesias","SEX AND LOVE (Deluxe)"
"IZA","Meu talismã"
"Sabrina Carpenter","EVOLution"
"Drake","Views"
"Bladee","333"
"Jorge Ben","Força Bruta"
"Jimi Hendrix","The Ultimate Experience"
"wave to earth","0.1 flaws and all."
"The 1975","The 1975"
"Dreamcatcher","[Apocalypse : From us]"
"The Pussycat Dolls","PCD"
"FKA twigs","LP1"
"Lucy Dacus","Home Video"
"Lord Huron","Lonesome Dreams"
"Arctic Monkeys","Live at The Royal Albert Hall"
"Burial","Untrue"
"Taylor Swift","Red"
"Lady Gaga","Born This Way"
"Paramore","Paramore"
"Jay-Z","99 Problems / Dirt Off Your Shoulder"
"ivyson","Poemas para Quem Chora [Explicit]"
"Pantera","Cowboys From Hell"
"Juice WRLD","Goodbye & Good Riddance (5 Year Anniversary Edition)"
"Various Artists","100% Rap"
"Three Days Grace","Painkiller"
"Weyes Blood","Titanic Rising"
"blink-182","blink-182"
"Sampha","Spirit 2.0"
"Mitski","Stay Soft/There's Nothing Left for You"
"Leith Ross","I'd Have to Think About It"
"Korn","Issues"
"Stereophonics","Language. Sex. Violence. Other?"
"Basement","Colourmeinkindness"
"RM","mono."
"Róisín Murphy","CooCool"
"Fall Out Boy","Believers Never Die - Greatest Hits"
"Ghost","Opus Eponymous"
"mo beats","Righteous"
"Kensuke Ushio","Devilman Crybaby (Original Soundtrack)"
"Bad Omens","Bad Omens"
"Pearl Jam","Lost Dogs"
"Cypress Hill","Black Sunday"
"BROCKHAMPTON","SATURATION"
"Limp Bizkit","Chocolate Starfish and the Hot Dog Flavored Water"
"Will Smith","Big Willie Style"
"RM","Bicycle"
"Menahan Street Band","The Exciting Sounds of Menahan Street Band"
"Flipturn","Something You Needed"
"Elle King","Ex's & Oh's"
"Radiohead","2002-08-07: Salamanca, Spain"
"Tove Lo","I Like U"
"sign crushes motorist","i'll be okay"
"dodie","Human"
"Simple Plan","Still Not Getting Any"
"Smino","blkswn"
"Rihanna","ANTI"
"Dave","Psychodrama"
"Blue Foundation","Life of a Ghost"
"Kep1er","Magic Hour"
"Black Sabbath","Master of Reality"
"Charlie Burg","Live in Peter's Attic"
"O-Zone","Disco-zone"
"Nick Drake","Pink Moon"
"Iniko","Jericho - Single"
"CL","Hello Bitches"
"Bad Omens","THE DEATH OF PEACE OF MIND"
"The Smashing Pumpkins","Greatest Hits"
"Various Artists","Good Songs"
"Creedence Clearwater Revival","Platinum"
"Katy Perry","Witness"
"Yaeji","EP2"
"Paul Simon","Paul Simon"
"Tinlicker","Because You Move Me"
"Fivio Foreign","City of Gods"
"Zillakami","Dog Boy"
"Slipknot","9.0: Live"
"Paramore","RIOT!"
"Kehlani","Honey"
"The The","Soul Mining"
"Ariana Grande","Santa Tell Me"
"Red Velvet","RBB"
"Anitta","Boys Don't Cry - Single"
"Melanie Martinez","K–12"
"Lucy Dacus","Kissing Lessons"
"Eminem","The Marshall Mathers LP"
"Pink Sweat$","At My Worst (Nikhita Gandhi Remix)"
"Lil' Wayne","Tha Carter IV"
"Sushi Soucy","I Deserve to Bleed - Single"
"Cocteau Twins","Mourning Star: The Best of Cocteau Twins"
"Green Day","21st Century Breakdown"
"Juanes","Mi Sangre"
"Childish Gambino","Because the Internet"
"Steven Universe","Steven Universe, Vol. 2 (Original Soundtrack)"
"5 Seconds of Summer","5 Seconds of Summer"
"GFRIEND","GFriend 2nd Mini Album 'Flower Bud'"
"3OH!3","Streets of Gold (Deluxe Version)"
"Daniel Caesar","NEVER ENOUGH"
"(G)I-DLE","oh my god"
"Vicke Blanka","Supervillain"
"Gregory Alan Isakov","Evening Machines"
"Saint Motel","Saintmotelevision"
"The Velvet Underground","Peel Slowly And See"
"PR1SVX","CRYSTALS"
"Devo","Freedom of Choice"
"Alessandra","Queen of Kings"
"dedwrite","Kirb in my cup"
"DJ Snake","You Know You Like It"
"Bring Me the Horizon","That's the Spirit"
"Novo Amor","Cannot Be, Whatsoever"
"Destroy Boys","Crybaby/Vixen"
"Broadcast","Tender Buttons"
"T.I.","T.I"
"Drake","Nothing Was the Same"
"Earl Sweatshirt","Hive (feat. Vince Staples & Casey Veggies) - Single"
"Bones","TeenWitch"
"Novos Baianos","Acabou Chorare"
"ABBA","Gold: Greatest Hits"
"Houndmouth","Little Neon Limelight"
"Bloodhound Gang","Hooray for Boobies"
"Mac Miller","Mac Miller"
"The Front Bottoms","Talon of the Hawk"
"Demi Lovato","Don't Forget"
"Spiritualized","Ladies and Gentlemen We Are Floating in Space"
"The Strokes","First Impressions of Earth"
"NF","HOPE"
"Travi$ Scott","Mamacita (feat. Rich Homie Quan & Young Thug) - Single"
"Panchiko","R>E>M>I>X>E>D"
"Cortex","Troupeau Bleu"
"LoveJoy","Pebble Brain"
"Billlie","the collective soul and unconscious: chapter one"
"Niki","I Like U"
"Wallows","Remote EP (Deluxe)"
"T-Pain","Bartender (feat. Akon) - Single"
"A$AP Rocky","Purple Swag"
"The Backseat Lovers","When We Were Friends"
"Phoenix","After Midnight (feat. Clairo) - Single"
"Slipknot","Vol. 3: (The Subliminal Verses)"
"Gunna","WUNNA (Deluxe)"
"Playboi Carti","Playboi Carti"
"Various Artists","Now That's What I Call Music! Vol. 73"
"Soccer Mommy","Clean"
"ATEEZ","TREASURE EP.2: Zero to One"
"Kendrick Lamar","To Pimp a Butterfly"
"The Darkness","Permission to Land"
"Snoop Dogg","Doggystyle 25 Years"
"Liana Flores","recently"
"Miranda!","Sin Restricciones"
"Ayra Starr","Rush"
"Pale Saints","Flesh Balloon"
"Rage Against the Machine","Rage Against the Machine"
"Placebo","Once More With Feeling - Singles 1996-2004"
"A$AP Rocky","TESTING"
"Niki","Nicole"
"Morgan Wallen","One Thing at a Time [Clean]"
"Bad Bunny","YHLQMDLG [Explicit]"
"Chumbawamba","Tubthumper"
"Actress","Karma & Desire"
"The Flamingos","The Best Of The Flamingos"
"Rauw Alejandro","Desesperados - Single"
"Wolf Alice","Bros"
"Marina Sena","Vício Inerente"
"carolesdaughter","violent"
"My Chemical Romance","Number One"
"Portishead","Dummy"
"Nine Inch Nails","The Downward Spiral"
"Tyga","Fuk Wat They Talkin Bout"
"Orange Caramel","까탈레나"
"Kanye West","The Life Of Paul"
"Björk","Vespertine Live"
"Eric Clapton","The Cream of Clapton"
"TWICE","READY TO BE"
"Fiona Apple","Original Album Classics"
"Queens of the Stone Age","In Times New Roman..."
"Guns N' Roses","Use Your Illusion"
"Zach Bryan","Boys of Faith"
"Strawberry Guy","Taking My Time To Be"
"Lamp","For Lovers"
"Mannequin Pussy","I Got Heaven - Single"
"Lily Allen","It’s Not Me, It’s You"
"Sir Mix-A-Lot","Mack Daddy"
"Miley Cyrus","Can't Be Tamed"
"Labrinth","EUPHORIA SEASON 2 OFFICIAL SCORE (FROM THE HBO ORIGINAL SERIES)"
"Men I Trust","Tailwhip"
"Kim Petras","Slut Pop"
"Daddy Yankee","Barrio Fino en Directo"
"Empire of the Sun","Ice on the Dune"
"Matuê","Anos Luz - Single"
"J. Cole","2014 Forest Hills Drive"
"Jack Harlow","Nail Tech"
"Interpol","Our Love to Admire"
"Creedence Clearwater Revival","Recollection"
"Alex G","DSU"
"Various Artists","Barbie: The Album"
"Eartheater","Trinity"
"Kate Bush","Hounds of Love"
"SZA","Ctrl (Deluxe)"
"The Beatles","Revolver"
"Joy","The Best of Joy"
"Florence + the Machine","Lungs"
"Mazzy Star","She Hangs Brightly"
"Weyes Blood","And in the Darkness, Hearts Aglow"
"Pavement","Wowee Zowee"
"Mild High Club","Skiptracing"
"Poppy","I Disagree (more)"
"Audioslave","Out of Exile"
"DPR IAN","Moodswings In To Order"
"YNW Melly","Melly vs. Melvin"
"NLE Choppa","CAPO"
"Luke Combs","Growin' Up"
"sundiver ca","Superstar Baby"
"Lorde","Solar Power"
"Wishing","none of this was your fault"
"Sir Mix-A-Lot","Chief Boot Knocka"
"群星","休日のチルアウト"
"Selena Gomez","My Mind & Me"
"TV Girl","Summer's Over"
"Salvia Palth","Melanchole"
"Starship","Greatest Hits (Ten Years And Change 1979-1991)"
"A Great Big World","Say Something"
"Chase Atlantic","Her"
"Various Artists","No Type"
"Jenevieve","Division"
"Luísa Sonza","CACHORRINHAS"
"Various Artists","Rtl Hits 2019"
"lund","Broken"
"Various Artists","Bravo Hits 34"
"birth day","Boyhood"
"The Front Bottoms","The Front Bottoms"
"The Four Tops","The Ultimate Collection"
"Paul Simon","The Essential Paul Simon"
"Various Artists","Sesión Alternativa"
"SZA","tread carefully"
"Rina Sawayama","Cherry"
"Various Artists","Well Deep: Ten Years Of Big Dada"
"Phoebe Bridgers","Stranger in the Alps (Deluxe Edition)"
"OutKast","Aquemini"
"Arcade Fire","The Suburbs"
"Modest Mouse","This Is a Long Drive for Someone with Nothing to Think About"
"Interpol","Turn on the Bright Lights"
"Jão","SUPER"
"Foo Fighters","Rescued"
"WHATEVER, DAD","Grade Pending"
"Harriette","at least i'm pretty"
"MAMAMOO","Red Moon - EP"
"Extreme","Extreme II: Pornograffitti"
"Westside Gunn","Pray For Paris"
"Trauma Ray","S/T (White EP)"
"$uicideboy$","Long Term Effects of Suffering"
"Goose house","光るなら"
"The Pointer Sisters","Fire! The Very Best of The Pointer Sisters"
"Steve Lacy","Steve Lacy's Demo"
"Rod Wave","Call Your Friends"
"Chris Travis","Side Effects EP"
"Halsey","hopeless fountain kingdom (Deluxe)"
"Radiohead","2012-03-03: Toyota Center, Houston, TX, USA"
"My Bloody Valentine","Glider"
"King Von","Crazy Story"
"NCT DREAM","Glitch Mode"
"Lancey Foux","BACK2DATRAP"
"Rebzyyx","I'm So Crazy For Youuu </3 - Single"
"AJR","What Everyone's Thinking"
"Bad Bunny","X 100PRE"
"Joyce Manor","NBTSA / Kid"
"22Gz","The Blixky Tape 2"
"Summer Walker","Over It (Complete Set Video Version)"
"Coldplay","X&Y"
"Various Artists","MNM Party 2013.2"
"Gucci Mane","There I Go (feat. J. Cole & Mike WiLL Made-It)"
"Hot Mulligan","*Equip Sunglasses*"
"Alice in Chains","Jar of Flies"
"Caramell","Supergott"
"Françoise Hardy","Tous les garçons et les filles"
"Beyoncé","B'Day"
"BØRNS","Candy"
"Peso Pluma","GÉNESIS"
"DAY6","Shoot Me : Youth Part 1"
"Various Artists","Hottest Hip Hop 2018"
"Father John Misty","Fear Fun"
"Bon Iver","Bon Iver, Bon Iver"
"Cigarettes After Sex","Neon Moon"
"Catfish and The Bottlemen","The Balcony"
"Aaron May","CHASE"
"Various Artists","Pure Disney"
"DPR IAN","Moodswings In This Order"
"RÜFÜS DU SOL","Innerbloom (The Remixes)"
"Darius Rucker","Wagon Wheel"
"Björk","Vespertine"
"The Weeknd","Starboy"
"Britney Spears","Blackout"
"Royal Blood","Back to the Water Below"
"Depeche Mode","Violator"
"Tanukichan","Sundays"
"Rod Wave","Nostalgia"
"StarBoi3","Dick (feat. Doja Cat) - Single"
"Shaggy","Hot Shot"
"Rage Against the Machine","Evil Empire"
"The Knack","Get The Knack"
"The Beatles","Revolver (Remastered)"
"Radiohead","Spectre"
"The Marías","Care for You - Single"
"(G)I-DLE","Uh-Oh - Single"
"Various Artists","Massive Dance Hits"
"XG","Tippy Toes"
"Sideshow","Wicked Man's Reprise"
"Madison Beer","Boyshit"
"Ritchie Valens","La Bamba"
"Zendaya","Zendaya"
"Chappell Roan","My Kink is Karma"
"Glass Beach","the first glass beach album"
"BOOKER T. & THE M.G.S + THE MAR-KEYS","Booker T. & The M.G.s + The Mar-Keys"
"Various Artists","Unutulmayan Film Müzikleri"
"Aaliyah","Aaliyah"
"The Struts","Everybody Wants"
"Daughter","The Wild Youth"
"Djavan","Puzzle Of Hearts"
"Nujabes","Kei Nishikori Meets Nujabes"
"Skrillex","Don’t Get Too Close"
"Fall Out Boy","Heartbreak Feels So Good"
"Toto","Past to Present 1977-1990"
"Billlie","the Billage of perception : chapter three"
"Muse","Drones"
"Joji","SMITHEREENS"
"Foo Fighters","Greatest Hits"
"Nirvana","Bleach"
"BTS","MAP OF THE SOUL : 7 ~ THE JOURNEY ~"
"Nebu Kiniza","Gassed Up"
"Britney Spears","Femme Fatale"
"Kute","AVOID ME - Single"
"Various Artists","The Hunger Games: Catching Fire"
"Vince Staples","Big Fish Theory"
"Tame Impala","Currents"
"Huh Yunjin","I ≠ DOLL"
"The Naked and Famous","Passive Me, Aggressive You"
"Jão","PIRATA"
"Ava Max","My Head & My Heart (Acoustic)"
"Vampire Weekend","Vampire Weekend"
"Cat Power","The Covers Record"
"Veigh","Dos Prédios"
"Lauv","Love U Like That"
"Lenny Kravitz","Greatest Hits"
"Various Artists","Pure '80s: #1s"
"Tally Hall","Good & Evil"
"Stevie Nicks","Bella Donna"
"Soda Stereo","Me Verás Volver (Hits & Más)"
"Hozier","Swan Upon Leda"
"Darci","On My Own - Single"
"Hot Freaks","Hot Freaks"
"Freddie Dredd","Suffer [Explicit]"
"Molina","Vanilla Shell"
"Rusted Root","When I Woke"
"Tim Maia","O Melhor de Tim Maia"
"$uicideboy$","My Swisher Sweet, But My Sig Sauer"
"Björk","Greatest Hits"
"Q Lazzarus","Goodbye Horses - Single"
"Lana Del Rey","Honeymoon"
"$uicideboy$","Kill Yourself (Part IV)"
"Steely Dan","Aja"
"Prince","The Very Best of Prince"
"Azealia Banks","Before the Expensive Taste"
"Autumn!","##R3 ##R3 - EP"
"Stereolab","Come And Play In The Milky Night"
"Daniel Powter","Daniel Powter"
"Travis Scott","Rodeo (Deluxe)"
"Greta Van Fleet","The Battle at Garden's Gate"
"La Bouche","Sweet Dreams"
"Aaliyah","One in a Million"
"Adventure Time","Adventure Time, Vol.1 (Original Soundtrack)"
"Sting","Fields Of Gold - The Best Of Sting 1984 - 1994"
"Simon & Garfunkel","Bridge Over Troubled Water"
"d4vd","Notes From A Wrist"
"Various Artists","Scrobbling Makes Me Horney"
"Nick Jonas","Last Year Was Complicated"
"BTS","DARK&WILD"
"ENHYPEN","MANIFESTO : DAY 1 - EP"
"Disclosure","Caracal (Deluxe)"
"Slowdive","Slowdive"
"Lorde","Solar Power (Deluxe Edition)"
"Roy Ayers Ubiquity","Everybody Loves The Sunshine"
"Palace","So Long Forever"
"Queen","Greatest Hits II"
"Bigbang","A"
"Set It Off","Duality"
"BROCKHAMPTON","THE FAMILY"
"Pink Floyd","The Dark Side Of The Moon"
"P!nk","TRUSTFALL [Clean]"
"Red Hot Chili Peppers","Greatest Videos"
"Beyoncé","Dangerously in Love"
"Various Artists","Lazy Sunday 4"
"Bon Iver","For Emma, Forever Ago"
"ATEEZ","TREASURE EPILOGUE : Action To Answer"
"Alvvays","Antisocialites"
"Nas","Hip Hop Is Dead (Edited Version)"
"A Perfect Circle","Mer De Noms"
"Rammstein","Reise, Reise"
"The B-52's","Cosmic Thing"
"Jihyo","ZONE"
"Labrinth","Jealous"
"WHATEVER, DAD / Jake Lazovick","100% Take Home! / Good Morning"
"Matt Maltese","Krystal"
"DPR LIVE","IS ANYBODY OUT THERE?"
"Pabllo Vittar","After"
"Roddy Ricch","Feed Tha Streets ll"
"Kylie Minogue","The Best of Kylie Minogue"
"Two Feet","Love Is a Bitch"
"Charlie Brown JR.","Perfil"
"SoFaygo","Angelic 7"
"Misfits","American Psycho"
"ATEEZ","ZERO : FEVER Part.1"
"Oliver Tree","Miracle Man"
"Elliott Smith","Figure 8"
"Fall Out Boy","American Beauty/American Psycho"
"The Doors","L.A. Woman"
"Lil Darkie","SWAMP"
"Danny Brown","Really Doe"
"D. Savage","Mafia Musik"
"The Police","Greatest Hits"
"Beyoncé","BEYONCÉ"
"いきものがかり","My song Your song"
"Giant Rooks","Tom's Diner - Single"
"Addison Rae","AR"
"KAYTRANADA","Spring Mixtape for Bromance"
"DJ Khaled","STAYING ALIVE (feat. Drake & Lil Baby)"
"Linkin Park","Meteora"
"Various Artists","NRJ Winter Hits 2020"
"Bad Suns","Disappear Here"
"Øneheart","watching the stars - Single"
"Various Artists","sad girls"
"Aminé","TWOPOINTFIVE"
"Giveon","Give or Take"
"Black Veil Brides","Wretched And Divine: The Story Of The Wild Ones"
"Mitski","LUSH"
"Various Artists","Now 34"
"Burna Boy","I Told Them..."
"Bakar","Halo"
"Alesso","Words (feat. Zara Larsson)"
"久石譲","Howl's Moving Castle"
"Tennis","Swimmer"
"YUI","again"
"Pusha T","Diet Coke - Single"
"Ichiko Aoba","amuletum bouquet"
"Cities Aviv","BLACK PLEASURE"
"Jungle","Keep Moving"
"George Harrison","Cloud Nine"
"beabadoobee","Loveworm [Explicit]"
"The Garden","Call This # Now"
"Slowdive","Souvlaki"
"Molchat Doma","этажи"
"Isolate.exe","Crystals - Single"
"Florence + the Machine","Dance Fever"
"Various Artists","Girl Gang"
"Alesso","Heroes (We Could Be)"
"Juice WRLD","Goodbye & Good Riddance"
"Cage the Elephant","Social Cues"
"Luísa Sonza","DOCE 22"
"Kygo","Stole The Show"
"Playboi Carti","Broke Boi"
"Drake","6 God"
"Two Door Cinema Club","Tourist History"
"Faith No More","The Real Thing"
"Steve Conte","Cowboy Bebop (Original Soundtrack)"
"Earl Sweatshirt","Some Rap Songs"
"$uicideboy$","Songsthatwewontgetsuedforbutattheendofthedayweallgonnadieanyway"
"CHVRCHES","The Bones of What You Believe"
"Selena Gomez","Stars Dance"
"Supertramp","The Very Best of Supertramp"
"Foreigner","The Very Best of Foreigner"
"Plan B","House of Pleasure"
"Black Pumas","Capitol Cuts"
"Simon & Garfunkel","The Best Of Simon & Garfunkel"
"Various Artists","Despicable Me 3 (Original Motion Picture Soundtrack)"
"Eagle-Eye Cherry","The Best Of"
"Death Grips","Bottomless Pit"
"Tool","Lateralus"
"Fog Lake","almost fantasy"
"Troye Sivan","Bloom"
"Bring Me the Horizon","Sempiternal"
"BTS","화양연화 The Most Beautiful Moment In Life, Pt. 2"
"Reneé Rapp","Snow Angel [Explicit]"
"Aphex Twin","Blackbox Life Recorder 21f / in a room7 F760"
"Reneé Rapp","Snow Angel [Clean] [Clean]"
"Madeon","Shelter - Single"
"Death Grips","Exmilitary"
"Overmono","Good Lies"
"Drake","Scorpion [Clean]"
"Cannons","Shadows"
"The Weeknd","Beauty Behind the Madness"
"James Blunt","Back to Bedlam"
"aespa","Savage - The 1st Mini Album - EP"
"Zac Brown Band","The Foundation"
"C. Tangana","El Madrileño"
"Beyoncé","4"
"bliss3three","C3L3STIAL天の"
"Morgan Wallen","Chasin' You"
"Hans Zimmer","Inception"
"Various Artists","Forever Friends 'Just For You'"
"The Strokes","Lost Treasures"
"NXVAMANE","FRESH"
"Crystal Castles","Amnesty (I)"
"Billy Joel","52nd Street"
"Fleetwood Mac","Tango in the Night"
"Selena Gomez & the Scene","A Year Without Rain"
"The Last Shadow Puppets","Standing Next To Me"
"Kanye West","Lift Yourself - Single"
"Bad Bunny","YHLQMDLG"
"Lemon Demon","Spirit Phone"
"Charli XCX","CRASH"
"Summrs","Nothing More Nothing Less"
"Michael Jackson","Invincible"
"Two Door Cinema Club","Beacon"
"MoonDeity","NEON BLADE"
"Mt. Joy","Mt. Joy"
"The Paper Kites","Woodland - EP"
"Faye Webster","Atlanta Millionaires Club"
"Sleeping at Last","Turning Page"
"Akon","Freedom"
"Pusha T","DAYTONA"
"Korn","Greatest Hits, Volume 1"
"Austin Farwell","New Home (Slowed) - Single"
"Legião Urbana","Legião Urbana"
"Charlie Brown JR.","100% Charlie Brown JR - Abalando A Sua Fábrica"
"Black Country, New Road","Queen Elizabeth Hall (06/03/2021)"
"Loona","[12:00]"
"Young Thug","Beautiful Thugger Girls"
"ATEEZ","ZERO : FEVER Part.2"
"Jão","Turnê Anti-Herói"
"Elvis Presley","ELV1S 30 #1 Hits"
"alex g online","High"
"Dyamante DJ","Ritmo dos Crias"
"RealestK","Wfm - Single"
"Nothing But Thieves","Welcome to the DCC"
"The Plums","Jen"
"Denzel Curry","32 Zel / Planet Shrooms"
"James Bay","Chaos and the Calm"
"Carly Rae Jepsen","The Loneliest Time"
"The Weather Girls","Success"
"Gunna","Gunna: A Gift & A Curse Setlist"
"Heidi Montag","Superficial"
"Tyler, the Creator","Wolf"
"Musical Youth","The Youth of Today"
"Orla Gartland","Why Am I Like This? / Freckle Season"
"Various Artists","Summer Sucks"
"TWICE","BETWEEN 1&2"
"TOMORROW X TOGETHER","The Chaos Chapter: FREEZE"
"Various Artists","Revista JP, Volume 15: 10 hits da Pan + Keane"
"Lana Del Rey","Lust for Life"
"Migos","Culture II"
"Rammstein","Völkerball"
"Alice in Chains","Facelift"
"Lil Darkie","banana pie"
"Ana Castela","Boiadeira Internacional: Vol. 1"
"The Alan Parsons Project","Eye In The Sky"
"Rscl","Lost"
"Fifth Harmony","Worth It (feat. Kid Ink) - Single"
"Knocked Loose","Laugh Tracks"
"Hozier","Take Me To Church E.P."
"Skrillex","Greatest Hits & Remixes"
"Tiësto","The Business"
"Brenn!","4Runner - Single"
"Jeff Rosenstock","HELLMODE"
"Linkin Park","Meteora 20th Anniversary Edition"
"Toby Fox","UNDERTALE Soundtrack"
"Falling in Reverse","Voices In My Head"
"Gucci Mane","Mr. Davis"
"Chase Atlantic","MAMACITA - Single"
"DJ Katrip","Na Contramão"
"Suzanne Vega","Solitude Standing"
"Cavetown","Lemon Boy"
"AC/DC","Back in Black"
"Chappell Roan","The Rise and Fall of a Midwest Princess"
"Various Artists","Best of Today"
"TEMPOREX","Care"
"Little Mix","Glory Days (Deluxe)"
"Architects","For Those That Wish To Exist"
"NF","When I Grow Up"
"King Crimson","In the Court of the Crimson King"
"Mariah Carey","Daydream"
"Tyler, the Creator","Peach Fuzz"
"suisside","Dark Side Of The Moon"
"Various Artists","NRJ Hits de la Playa"
"All Time Low","Monsters (Acoustic - Live From Lockdown)"
"Brave Girls","Rollin'"
"Viktor Vaughn","Vaudeville Villain"
"Mac Miller","The Divine Feminine"
"Current Joys","A Different Age"
"Gilbert O'Sullivan","The Best Of Gilbert O'Sullivan"
"Calvin Harris","18 Months (Deluxe Edition)"
"The Internet","Ego Death"
"Clean Bandit","What Is Love?"
"Al Green","The Very Best of Al Green"
"Aaron May","Ride - Single"
"Twisted Sister","Big Hits and Nasty Cuts: The Best of Twisted Sister"
"BTS","The Most Beautiful Moment In Life Pt.1"
"Black Sabbath","Black Sabbath"
"Noah Kahan","Stick Season [Clean]"
"Akon","Konvicted"
"Tory Lanez","Playboy"
"Drake","Thank Me Later"
"Future","High Off Life"
"Mudvayne","Lost and Found"
"Various Artists","More Than Fever Night"
"Seventeen","FML"
"Hailee Steinfeld","Let Me Go (with Alesso, Florida Georgia Line & watt)"
"Bastille","Good Grief"
"Fiona Apple","The Idler Wheel Is Wiser Than the Driver of the Screw and Whipping Cords Will Serve You More Than Ropes Will Ever Do"
"Weezer","The Kitchen Tapes"
"Destroy Lonely","No Stylist"
"Julia Jacklin","To Perth, Before The Border Closes B/W Cry"
"jev.","Where's the Confetti? - Single"
"ThxSoMch","Hate."
"Madonna","Ray of Light"
"Cocteau Twins","Love’s Easy Tears"
"Joey Bada$$","B4.DA.$$"
"Radiohead","B-Sides"
"Death Cab for Cutie","Plans"
"Agust D","Agust D"
"Wolfmother","iTunes Live from Sydney"
"Carly Rae Jepsen","The Loveliest Time"
"Bad Bunny","Grandes Éxitos"
"Brent Faiyaz","PRICE OF FAME"
"Various Artists","High School Musical: The Musical: The Series"
"Laufey","Everything I Know About Love (Deluxe Edition)"
"泰葉","Blue Night Blue"
"Kid Cudi","Man on the Moon II: The Legend of Mr. Rager"
"Sam Tinnesz","Play With Fire (feat. Yacht Money)"
"Coldplay","Parachutes"
"Iron Maiden","The Number of the Beast (2015 - Remaster)"
"Muse","The 2nd Law"
"Corpse","MISA MISA!"
"Doja Cat","Hot Pink (Japan Version)"
"Various Artists","Fine As Hell"
"Babygirl","Lovers Fevers"
"Alphaville","Forever Young"
"Skillet","Awake"
"Team Sleep","Team Sleep"
"Ñengo Flow","Gato de Noche"
"Queen","The Works (Deluxe Edition 2011 Remaster)"
"The Veronicas","Hook Me Up"
"Clairo","Heaven - Single"
"Maisie Peters","BoDy BEttER"
"Normani","Wild Side (feat. Cardi B) - Single"
"Aimer","残響散歌 / 朝が来る - EP"
"Alok","Deep Down (feat. Never Dull)"
"Baco Exu do Blues","Bluesman"
"Red Velvet","Ice Cream Cake"
"Talking Heads","Remain in Light"
"Linkin Park","Greatest Hits"
"PJ Harvey","Stories from the City, Stories from the Sea"
"Mild Minds","FORMATIONS"
"Various Artists","Ö3 Greatest Hits, Vol. 87"
"The Beatles","1 (Remastered)"
"Stacey Ryan","Fall In Love Alone"
"Dixon Dallas","Good Lookin' - Single"
"Title Fight","Shed"
"Spacehog","Resident Alien"
"Jacquees","B.E.D."
"Pierce The Veil","Collide With the Sky"
"Sparky Deathcap","Tear Jerky"
"BUNT.","Clouds"
"Various Artists","Poppin"
"U2","Achtung Baby"
"Hawthorne Heights","The Silence in Black and White"
"Pat Benatar","Best Shots"
"Labrinth","Euphoria (Original Score from the HBO Series)"
"Young Miko","Riri - Single"
"Veigh","Clickbait"
"The Strokes","The New Abnormal"
"TOMORROW X TOGETHER","minisode 2: Thursday’s Child"
"JPEGMAFIA","All My Heroes are Cornballs (Directors Cut)"
"Jorja Smith","Broken is the man"
"Laufey","Street by Street"
"LE SSERAFIM","ANTIFRAGILE"
"Tainy","DATA"
"The Offspring","Conspiracy of One"
"Queens of the Stone Age","Over The Years And Through The Woods"
"Tame Impala","Posthumous Forgiveness"
"Pabllo Vittar","Ameianoite"
"Miley Cyrus","Endless Summer Vacation"
"Mon Laferte","Mon Laferte (Vol. 1)"
"David Guetta","Nothing But the Beat Ultimate"
"Various Artists","BRIT Awards 2013"
"Kenya Grace","Meteor - Single"
"Various Artists","Highly Recommended: Vol. 5"
"Justin Hurwitz","La La Land (Original Motion Picture Soundtrack)"
"Disney","Disney Summer Songs"
"The Weeknd","My Dear Melancholy,"
"PlayaPhonk","Phonky Town"
"Chappell Roan","Femininomenon - Single"
"Colbie Caillat","Coco"
"Coldplay","Magic"
"Superstar Pride","5lbs of Pressure - EP"
"Whitney Houston","Whitney Houston"
"Sonic Youth","Hits Are for Squares"
"Blood Orange","Coastal Grooves"
"Armand Hammer","We Buy Diabetic Test Strips"
"Comethazine","Baw$kee 3.5"
"Stormzy","Vossi Bop - Single"
"Eminem","Curtain Call: The Hits"
"Yot Club","Bipolar"
"sped up viral","moonlight (kali uchis) [sped up version]"
"League of Legends, Bobby and Mako featuring The Glitch Mob and The Word Alive","RISE"
"The Avalanches","When I Met You"
"Of Monsters and Men","Mountain Sound"
"Ace of Base","Happy Nation"
"Florence + the Machine","How Big, How Blue, How Beautiful (Deluxe)"
"Various Artists","Christmas Essentials 2021"
"Tee Grizzley","My Moment"
"Sum 41","Does This Look Infected?"
"boy pablo","Roy Pablo"
"NCT","Universe - The 3rd Album"
"Sublime","Sublime"
"Royel Otis","Oysters In My Pocket - Single"
"Gorillaz","Silent Running (feat. Adeleye Omotayo)"
"Dr. Dre","2001: Instrumentals"
"Pink Sweat$","Volume 1 EP"
"Labi Siffre","The Best of Labi Siffre"
"Avril Lavigne","Avril Lavigne"
"MGMT","Congratulations"
"DJ Tang & DJ Rattle","Shodown"
"The Marías","CINEMA"
"Gunna","Too Easy"
"J Dilla","Donuts"
"Tom Petty and The Heartbreakers","Greatest Hits"
"Shawn Mendes","Shawn Mendes"
"Arctic Monkeys","Suck It and See"
"Young Nudy","Sli'merre"
"Various Artists","NOW That's What I Call A Million"
"Usher","Raymond v Raymond"
"Linkin Park","Hybrid Theory"
"Bruce Springsteen","Born to Run"
"Melanie Martinez","K-12 [Clean]"
"Birdy","Birdy"
"방탄소년단","LOVE YOURSELF Gyeol 'Answer'"
"Marilyn Manson","Smells Like Children"
"Fleet Foxes","Fleet Foxes"
"The Rose","DAWN"
"Incubus","Make Yourself"
"Michael Jackson","The Essential Michael Jackson"
"Drake","Honestly, Nevermind"
"Alex Stan","Musica che Pompa! Vol.5"
"The Kinks","Ballads"
"Luke Combs","This One's for You"
"Marina","Ancient Dreams in a Modern Land (Deluxe Edition)"
"Childish Gambino","Sleeper Hits"
"Passion Pit","Gossamer"
"Have a Nice Life","Deathconsciousness"
"Vansire","The Latter Teens"
"Huey Lewis & The News","Greatest Hits"
"Black Country, New Road","Ants From Up There"
"Panic! at the Disco","Death of a Bachelor"
"Lia Clark","SEREIA"
"Nelly","5.0"
"Tove Lo","Dirt Femme"
"Various Artists","Now That's What I Call Music! Vol. 68"
"The 1975","I like it when you sleep, for you are so beautiful yet so unaware of it"
"Cigarettes After Sex","Cry [Explicit]"
"HAIM","Days Are Gone"
"Juice WRLD","Fighting Demons"
"Skrillex","Fine Day Anthem"
"Sara Kays","Future Kids"
"(G)I-DLE","Hann (Alone) - Single"
"The Alchemist","Bread"
"Noah Kahan","Cape Elizabeth [Explicit]"
"Japanese Breakfast","Jubilee"
"The Smiths","The Queen Is Dead - 2011 Remaster"
"Scorpions","Love at First Sting"
"OneRepublic","Native"
"Brent Faiyaz","A.M. Paradox"
"Jamiroquai","Synkronized"
"Taylor Swift","Taylor Swift Karaoke: Taylor Swift"
"Lewis Capaldi","Wish You the Best"
"Future","Project E.T."
"Chappell Roan","Love Me Anyway"
"TOKYOPILL","E T H E R E a l - Single"
"Zeph","crush (demos)"
"wave to earth","Wave - Single"
"System of a Down","Steal This Album!"
"brb.","my type - Single"
"EXO-K","중독 (Overdose)"
"Blue Öyster Cult","Fire of Unknown Origin"
"Solange","When I Get Home"
"Lady Gaga","Joanne (Deluxe)"
"Alicia Keys","VH1 Storytellers"
"Mac Miller","Circles (Deluxe)"
"Silversun Pickups","Carnavas"
"Everglow","HUSH"
"Chappell Roan","Naked in Manhattan"
"One Direction","Midnight Memories"
"Coin","dreamland"
"One Direction","Made in the A.M. (Deluxe Edition)"
"Halle","Angel"
"J. Cole","Born Sinner (Deluxe Version)"
"Polo G","Die A Legend"
"Jin","Tonight"
"Various Artists","Now That's What I Call Music!, Vol. 81"
"Kali Uchis","Por Vida"
"Vance Joy","Dream Your Life Away"
"YoungBoy Never Broke Again","Outside Today"
"TWICE","Feel Special"
"Natori","Overdose - Single"
"Fred again..","Baby again.."
"Type O Negative","Bloody Kisses"
"Various Artists","BTS WORLD (Original Soundtrack)"
"Tom Jones","The Complete Tom Jones"
"KENTENSHI","Paranoia - Single"
"Various Artists","The Memorable Soundtracks"
"Everglow","Return of the Girl"
"NF","Perception"
"The Neighbourhood","#000000 & #FFFFFF"
"Alexander Rybak","Fairytales"
"Future","HNDRXX"
"Muse","The Resistance"
"PLAYAMANE","MIDNIGHT"
"Milton Nascimento","Clube Da Esquina"
"Madison Beer","Baby"
"Daisy Jones & The Six","AURORA"
"Disturbed","Immortalized"
"Gorillaz","The Now Now"
"Hoshi","Spider"
"Various Artists","Greatest Hits of the 80s"
"David Bowie","Scary Monsters (And Super Creeps) [2017 Remastered Version]"
"Melanie Martinez","MILK OF THE SIREN"
"Hole","Malibu"
"BTS","Love Yourself Ketsu 'Answer'"
"Slipknot","All Hope Is Gone"
"Sum 41","Chuck"
"R.E.M.","Automatic for the People"
"Various Artists","Clubland 90s"
"Black Country, New Road","Concorde"
"Gojira","Magma"
"Jhené Aiko","Sail Out"
"Van Halen","Van Halen (Remaster)"
"Piero Piccioni","Colpo Rovente (The Original Complete Motion Picture Soundtrack)"
"Cigarettes After Sex","I'm a Firefighter"
"Homixide Gang","Snotty World (Deluxe)"
"A Day to Remember","What Separates Me from You"
"NCT","Golden Age - The 4th Album"
"Daniel Caesar","Freudian"
"Deftones","Adrenaline"
"Phoebe Bridgers","Stranger in the Alps"
"Pitbull","Rebelution"
"Pi’erre Bourne","The Life of Pi’erre 4 (Deluxe)"
"Dean Lewis","How Do I Say Goodbye"
"Tego Calderón","El Abayarde"
"Luis Fonsi","Despacito"
"NCT DREAM","Beatbox - The 2nd Album Repackage"
"Various Artists","Marek Sierocki Przedstawia: I Love Hot Hits"
"Lloyd Vaan","Lens Flare"
"Men I Trust","Oncle Jazz"
"Conan Gray","Kid Krow [Explicit]"
"Incubus","Monuments And Melodies"
"BLACKPINK","Ready For Love"
"BTS","Love Yourself Jeon 'Tear'"
"Bones","InLovingMemory"
"Panchiko","D>E>L>U>X>E>M>E>T>A>L"
"sped up 8282","Cupid – Twin Ver. (FIFTY FIFTY) – Sped Up Version"
"ElyOtto","SugarCrash! - Single"
"Unknown Mortal Orchestra","Sex & Food"
"BADBADNOTGOOD","In Your Eyes"
"Various Artists","You Belong With Me"
"CamelPhat","Cola"
"Various Artists","So Fresh The Hits of Summer 2011 + The Best Of 2010"
"Hozier","Unreal Unearth"
"Drake","Nothing Was the Same (Deluxe)"
"Pink Floyd","The Wall"
"Nirvana","In Utero"
"Joji","BALLADS 1"
"Niki","Oceans & Engines"
"Pink Floyd","The Dark Side Of The Moon (2011 Remastered Version)"
"Roddy Ricch","Please Excuse Me for Being Antisocial"
"Bring Me the Horizon","Obey (with YUNGBLUD) - Single"
"Joey Bada$$","1999"
"Romy","Strong"
"Bruno Mars","24K Magic"
"Frank Ocean","channel ORANGE"
"Verzache","Needs"
"The Strokes","Room on Fire"
"Cheap Trick","Heaven Tonight"
"Joey Bada$$","HEAD HIGH"
"Trippie Redd","knIgHt cRawLeR (FEAT. jUiCe wrld)"
"Alex Turner","Submarine (original songs)"
"Yann Tiersen","Amelie From Montmartre"
"The Cure","Disintegration"
"Patti Smith","Outside Society"
"Various Artists","The Bodyguard"
"Pale Jay","The Celestial Suite"
"Electric Light Orchestra","Face the Music"
"Oliver Tree","Alien Boy EP"
"Ed Sheeran","+"
"Led Zeppelin","Led Zeppelin II (1994 Remaster)"
"Kelela","Raven"
"Chet Baker","The Best of Chet Baker Sings"
"Hotel Ugly","Ugly Duck"
"TRASHXRL","Orquestra Maldita"
"The Roots","You Got Me"
"DJ JEEH FDC","Som das Regiões"
"Various Artists","Kopi Dan Senja"
"The Japanese House","In the End It Always Does"
"Mac Miller","Swimming In Circles"
"Darondo","Let My People Go"
"Hozier","Wasteland, Baby!"
"Gunna","a Gift & a Curse"
"Bleachers","I Wanna Get Better"
"Dennis Lloyd","Nevermind"
"The Weeknd","Dawn FM"
"Justice","✝"
"Loona","[× ×]"
"Mareux","Lovers From The Past"
"SALES","SALES"
"The Dave Brubeck Quartet","Time Out"
"Hailee Steinfeld","Coast"
"My Bloody Valentine","Loveless"
"Various Artists","Game Music"
"Maroon 5","Red Pill Blues (Deluxe)"
"Mariah the Scientist","Buckles Laboratories Presents: The Intermission - EP"
"A Tribe Called Quest","The Love Movement"
"Stone Sour","Come What(ever) May"
"Ghost","Prequelle Exalted"
"Justin Bieber","Lonely (with benny blanco)"
"Chloe x Halle","Ungodly Hour (Chrome Edition)"
"Sophie Ellis-Bextor","Read My Lips"
"Hunny","Windows I"
"MNEK","Never Forget You"
"Buzzcocks","Love Bites (Special Edition)"
"BTS","The Most Beautiful Moment in Life: Young Forever"
"Nicki Minaj","Queen"
"Young Thug","Barter 6"
"Kelis","Tasty"
"Twisted","WORTH NOTHING (feat. Oliver Tree) [Extended Drift Phonk / Fast & Furious: Drift Tape/Phonk Vol 1]"
"Loathe","I Let It In And It Took Everything"
"Lady Gaga","Chromatica"
"Carpenters","Close To You"
"Various Artists","Music Is Universal: PRIDE by Ella Jane"
"Various Artists","Bravo Black Hits Vol. 31"
"Ol' Dirty Bastard","Return To The 36 Chambers: The Dirty Version"
"5 Seconds of Summer","She Looks So Perfect"
"Peso Pluma","Por las Noches"
"Kenteph","Pretend - Single"
"소녀시대","Into The New World"
"Rina Sawayama","Hold the Girl"
"Tasha & Tracie","Ying Yang"
"The Pretty Reckless","Light Me Up"
"Adele","21"
"Joy Division","Unknown Pleasures [Collector's Edition] Disc 1"
"American Football","American Football"
"Lauv","Paris in the Rain"
"Crystal Castles","Crystal Castles"
"A$AP Rocky","AT.LONG.LAST.A$AP (Japan Version)"
"Lincoln","A Constant State of Ohio"
"Mac DeMarco","Another (Demo) One"
"TOMORROW X TOGETHER","The Chaos Chapter: FIGHT OR ESCAPE"
"MF DOOM","Operation: Doomsday"
"Anitta","Funk Generation: A Favela Love Story"
"$uicideboy$","STOP STARING AT THE SHADOWS"
"Slipknot","We Are Not Your Kind"
"Hojean","Swing"
"Darude","Before The Storm"
"Fall Out Boy","We Didn’t Start the Fire - Single"
"Tame Impala","Lonerism"
"America","Hearts"
"System of a Down","Forest"
"searows","House Song - Single"
"Elis Regina","Sucessos Inesquecíveis de Elis Regina"
"Yena","ˣ‿ˣ (SMiLEY)"
"YBN Nahmir","YBN: The Mixtape"
"Acid Ghost","Vacation II"
"Queen","Greatest Hits II (2011 Remaster)"
"George Michael","Ladies & Gentlemen"
"Santana","Supernatural"
"Drake","Her Loss"
"Empress Of","Kiss Me (feat. Rina Sawayama)"
"Coda","BLOODY STREAM"
"Justin Bieber","Believe"
"Steppenwolf","16 Greatest Hits"
"Isaiah Rashad","Cilvia Demo"
"Chevelle","Wonder What's Next"
"Mitski","Puberty 2"
"Various Artists","Best in the World"
"Big Sean","I Decided."
"The Black Keys","Brothers"
"The Pharcyde","Labcabincalifornia"
"Lizzo","Pink (From Barbie The Album) - Single"
"Michael Bublé","Michael Bublé"
"Aphex Twin","Selected Ambient Works 85-92"
"The Rolling Stones","Jump Back - The Best Of The Rolling Stones, '71 - '93"
"A Tribe Called Quest","The Anthology"
"Ruel","Painkiller"
"Poppy","Zig"
"FLO","Fly Girl (feat. Missy Elliott)"
"M83","Hurry Up, We're Dreaming"
"Amber Run","5AM (Deluxe)"
"Lana Del Rey","Did you know that there's a tunnel under Ocean Blvd"
"Gorillaz","Cracker Island"
"Joji","In Tongues"
"Bibi","Hongdae R&B"
"SNOW WIFE","AMERICAN HORROR SHOW"
"The Jacksons","Destiny"
"Ellie Goulding","Hate Me (with Juice WRLD)"
"Music Room 29","Navidad Latina 2021 (Streaming)"
"Ram Jam","Golden Classics"
"Bon Jovi","Cross Road"
"Pabllo Vittar","AFTER EP"
"Michael Jackson","Thriller"
"TWICE","&TWICE"
"Troye Sivan","Blue Neighbourhood (Deluxe)"
"Travis Scott","Rodeo (expanded edition)"
"Matuê","Máquina do Tempo"
"Strawberry Switchblade","The Platinum Collection"
"Bladee","Bladeecity"
"Dire Straits","Brothers in Arms"
"Future","DS2 (Deluxe)"
"Alvvays","Blue Rev"
"Of Monsters and Men","My Head Is an Animal"
"Matchbox Twenty","Yourself or Someone Like You"
"Ashnikko","You Make Me Sick!"
"Comethazine","Bawskee"
"Hailee Steinfeld","Starving"
"The Rolling Stones","Sweet Sounds Of Heaven"
"Shakira","Sale el Sol (Deluxe Edition)"
"P!nk","I'm Not Dead"
"Various Artists","Now 35"
"Zach Bryan","Zach Bryan"
"System of a Down","The Essential (disc 2)"
"Gracie Abrams","Good Riddance (Deluxe)"
"Elvis Presley","Elvis Rock"
"Arctic Monkeys","Who the Fuck Are Arctic Monkeys?"
"No Doubt","The Singles 1992-2003"
"Lisa","Crossing Field"
"Gojira","From Mars to Sirius"
"4minute","Crazy"
"Amerie","Touch"
"PARTYNEXTDOOR","PARTYNEXTDOOR"
"Kid Cudi","Indicud"
"1NONLY","Step Back!"
"Beyoncé","Lemonade"
"Lil Xan","Betrayed"
"Slayer","Reign in Blood"
"Clarissa","nada contra (ciúme) - Single"
"Various Artists","Gay World Pride"
"The Drums","Portamento"
"The Weeknd","Trilogy"
"Boney M.","Boney M"
"JPEGMAFIA","Veteran [Explicit]"
"Julia Michaels","Nervous System"
"King Krule","Flimsier"
"The Wombats","Glitterbug"
"Duran Duran","The Wedding Album"
"Flume","Never Be Like You (feat. Kai)"
"U2","War (Deluxe Edition Remastered)"
"Metallica","Metallica"
"Young Thug","Slime Language 2 (Deluxe)"
"Luísa Sonza","MAMA.CITA (hasta la vista)"
"Lana Del Rey","Blue Banisters"
"Hozier","Wasteland, Baby! [Explicit]"
"The Killers","Hot Fuss"
"Kadu Martins","Halls na Língua"
"Rihanna","Lift Me Up (From Black Panther: Wakanda Forever - Music From and Inspired By)"
"Destroy Lonely","If Looks Could Kill (Directors Cut)"
"Caroline Polachek","Desire, I Want to Turn Into You"
"Q","The Shave Experiment - EP"
"Sean Kingston","Tomorrow"
"Kxllswxtch","WASTE"
"SHINee","2009, Year of Us"
"Odetari","I <3 LATINAS"
"Janelle Monáe","The Age of Pleasure"
"Nicki Minaj","Pink Friday"
"C418","Minecraft - Volume Alpha"
"Radiohead","My Iron Lung"
"Polo G","Barely Holdin' On"
"Various Artists","Now That's What I Call Music! Vol. 76"
"The Living Tombstone","Five Nights at Freddy's"
"Mother Mother","Eureka"
"Vansire","The Rolling, Driftless North"
"Nas","Illmatic XX"
"Hozier","From Eden"
"Mastodon","Leviathan"
"Jason Mraz","We Sing. We Dance. We Steal Things."
"Elvis Presley","Elvis 75"
"Bad Bunny","Vete"
"Kero Kero Bonito","Time 'n' Place"
"System of a Down","12th Annual KROQ Almost Acoustic Christmas"
"Megan Thee Stallion","Plan B"
"The Last Dinner Party","Nothing Matters [Clean]"
"Leith Ross","(You) On My Arm"
"Key Glock","Son Of A Gun"
"Imagine Dragons","Children of the Sky (a Starfield song)"
"Reneé Rapp","In The Kitchen"
"Placebo","Without You I'm Nothing"
"Cigarettes After Sex","Bubblegum / Stop Waiting"
"Drake","Take Care"
"Radiohead","Greatest Hits"
"Ariana Grande","Positions (Deluxe Edition)"
"Queens of the Stone Age","Songs for the Deaf"
"Kendrick Lamar","good kid, m.A.A.d city"
"Kanye West","The Life of Pablo"
"Amy Winehouse","Back to Black"
"Alice Phoebe Lou","Witches"
"alt-J","An Awesome Wave"
"Engelbert Humperdinck","At His Very Best"
"Jazzy","Giving Me"
"BOL4","致我的思春期 / Some - Single"
"BTS","O!Rul8,2?"
"Michael Jackson","Off the Wall"
"Mora","ESTRELLA [Explicit]"
"Mavi","Sense - Single"
"Kate Bush","The Whole Story"
"Red Velvet","‘The ReVe Festival’ Day 1"
"Fiona Apple","Tidal"
"Lemonade Mouth","Lemonade Mouth"
"Charli XCX","New Shapes (feat. Christine and the Queens and Caroline Polachek)"
"Chris Stapleton","Starting Over"
"Kelly Clarkson","Greatest Hits - Chapter One"
"Gigi D'Agostino","L'amour toujours - Chansons for the heart"
"A Tribe Called Quest","The Low End Theory"
"Torren Foot","New Bottega"
"Redveil","learn 2 swim"
"Edith Whiskers","Home - Single"
"Avenged Sevenfold","Avenged Sevenfold"
"Nirvana","Nirvana"
"Lizzy McAlpine","five seconds flat [Explicit]"
"Jack Stauber's Micropop","Inchman / Two Time"
"Bobby Darin","The Hit Singles Collection"
"Madvillain","Money Folder / America's Most Blunted"
"Anne-Marie","UNHEALTHY (feat. Shania Twain)"
"A Flock of Seagulls","I Ran (So Far Away)"
"A Day to Remember","Homesick"
"IZA","AFRODHIT"
"Mitski","Be the Cowboy"
"Role Model","blind - Single"
"The Beatles","Sgt. Pepper's Lonely Hearts Club Band (Stereo Remastered)"
"Måneskin","MAMMAMIA"
"Journey","Greatest Hits"
"Joji","Nectar [Clean]"
"Dream, Ivory","Dream, Ivory"
"BTS","WINGS"
"Gracie Abrams","This Is What It Feels Like"
"Rainbow Kitten Surprise","RKS"
"Cocteau Twins","Live In Boston 1995"
"Lil Nas X","MONTERO"
"Rels B","A Mí"
"Metallica","Ride the Lightning (Deluxe / Remastered)"
"FINNEAS","Blood Harmony (Deluxe)"
"03 Greedo","Substance"
"Luna Li","Duality"
"The Used","The Used"
"Freddie Dredd","Cha Cha - Single"
"Peach Pit","Sweet FA"
"yungatita","Over You - EP"
"Sleep Token","Aqua Regia"
"Eazy-E","Eazy-Duz-It"
"Malcolm Todd","Roommates"
"Rammstein","Sehnsucht"
"Trippie Redd","LIFE'S A TRIP"
"Fifty Fifty","THE FIFTY"
"Various Artists","K-Pop Hits 2021"
"Frank Sinatra","Sinatra Reprise: The Very Good Years"
"David Guetta","One More Love"
"Nirvana","Nevermind"
"The Microphones","The Glow, Part 2"
"Steve Lacy","The Lo-Fis"
"Kate Bollinger","Yards / Gardens - Single"
"Various Artists","The Music of Grand Theft Auto V"
"Saba","Bucket List Project"
"Taco Hemingway","Gelato  Makarena Freestyle - Single"
"Sinéad O'Connor","I Do Not Want What I Haven't Got"
"LE SSERAFIM","UNFORGIVEN"
"Snoop Dogg","Drop It Like It's Hot"
"IU","BBIBBI"
"$uicideboy$","Sing Me A Lullaby, My Sweet Temptation"
"Metallica","...And Justice for All (Remastered Expanded Edition) [Explicit]"
"Type O Negative","October Rust"
"Various Artists","Best of 2020 Country"
"Big Thief","Masterpiece"
"The Orion Experience","Cosmicandy"
"BLACKPINK","BORN PINK"
"Bladee","The Fool"
"Cavetown","Cavetown"
"Luniz","Greatest Hits"
"Various Artists","Now That's What I Call Music Vol. 83"
"Jack Stauber's Micropop","Baby Hotline / Tea Errors - Single"
"The Smiths","Singles"
"Chelsea Cutler","Stellaria [Explicit]"
"Luke Bryan","Tailgates & Tanlines"
"Baco Exu do Blues","Esú"
"Kero Kero Bonito","TOTEP (The One True EP)"
"Paul Anka","21 Golden Hits"
"Måneskin","Teatro D'Ira - Vol.I"
"Cardi B","Money - Single"
"Cypariss","Empty Dreams - Single"
"Elis Regina","Falso Brilhante"
"Zach Bryan","Summertime Blues"
"Alina Baraz","Sunbeam - EP"
"Natanael Cano","AMG"
"The Beach Boys","Still Cruisin'"
"Will Wood","The Normal Album"
"Jay Rock","Hood Gone Love It (feat. Kendrick Lamar)"
"The Killers","Sam's Town"
"KayBlack","Licor 43"
"Del Water Gap","I Miss You Already + I Haven’t Left Yet"
"R.E.M.","Out of Time"
"Turnstile","GLOW ON"
"21 Savage","i am > i was (Deluxe)"
"Two Feet","First Steps"
"My Chemical Romance","Three Cheers for Sweet Revenge"
"Tim Maia","Tim Maia"
"Nessa Barrett","die first - Single"
"Rema","Calm Down"
"Adele","30"
"KSLV Noh","Disaster - Single"
"D. Savage","Opera - Single"
"Becky Hill","Disconnect"
"The Last Shadow Puppets","Everything You've Come to Expect"
"Tiësto","BOTH"
"Tove Lo","Elevator Eyes"
"Quevedo","Punto G"
"Guided by Voices","Alien Lanes"
"杏里","悲しみがとまらない"
"Goth Babe","Weekend Friend - Single"
"Mac DeMarco","2"
"Chico Buarque","Construção"
"System of a Down","Hypnotize"
"Kim Petras","Problématique (Deluxe)"
"Daft Punk","Within (Drumless Edition)"
"My Chemical Romance","The Black Parade"
"Smino","Luv 4 Rent"
"Led Zeppelin","Led Zeppelin III (Remaster)"
"Pop Smoke","Meet the Woo"
"The Beatles","Past Masters (Vols. 1 & 2 / Remastered)"
"Various Artists","Zomer Hits"
"Hombres G","Los Singles 1985-2005"
"Ariana Grande","sweetener / thank u, next tour - live at Coachella 2019"
"Migos","Culture"
"Bag Raiders","Bag Raiders"
"Rels B","cómo dormiste?"
"J. Cole","4 Your Eyez Only"
"Red Velvet","‘The ReVe Festival 2022 - Birthday’"
"Neutral Milk Hotel","In the Aeroplane Over the Sea"
"Juice WRLD","Death Race for Love"
"Sleep Token","Alkaline"
"Piero Piccioni","Camille 2000"
"Red Velvet","Perfect Velvet - The 2nd Album"
"Cage the Elephant","Cage the Elephant"
"Conan Gray","Jigsaw"
"Dido","White Flag"
"Justine Skye","Collide (Remix Pack)"
"Bibi","Life Is A Bi..."
"Feid","SIXDO"
"$uicideboy$","Carrollton"
"Marvin Gaye","Motown's Greatest Hits"
"Hako","Listen! (Sped Up) - Single"
"Studio Killers","Jenny"
"Oasis","Stop the Clocks"
"Foster the People","Imagination"
"Radiohead","The King of Limbs"
"SZA","SOS"
"Lucy Dacus","No Burden"
"Megan Thee Stallion","On Me (Remix) - Single"
"Audioslave","Audioslave"
"2Pac","2Pac Greatest Hits (Explicit Version)"
"Whirr","Feels Like You"
"Flipturn","Citrona [Explicit]"
"The Offspring","Live in Bogota"
"They Might Be Giants","Flood"
"Japanese Breakfast","2042 / Posing in Bondage"
"Phantogram","Eyelid Movies"
"Drake","Scorpion"
"Feid","Normal"
"Nine Inch Nails","Pretty Hate Machine"
"Woodkid","The Golden Age"
"Muni Long","Baby Boo"
"Death Grips","No Love Deep Web"
"Various Artists","The Best Hip Hop Party Hits! - 40 Massive Club Anthems"
"ScHoolboy Q","CrasH Talk"
"Modern Baseball","You're Gonna Miss It All"
"Morgan Wallen","The Way I Talk"
"Foals","Holy Fire"
"Duke Ellington","The Essential"
"Trippie Redd","A Love Letter To You 4"
"Elton John","Greatest Hits"
"Desiigner","Panda"
"Gorillaz","Plastic Beach (Deluxe Version)"
"Frank Ocean","Dear April (Side A - Acoustic) - Single"
"UB40","The Very Best of UB40 1980-2000"
"Polyphia","Playing God"
"Kero Kero Bonito","Intro Bonito"
"Ariana Grande","My Everything (Deluxe)"
"Anitta","Downtown"
"Frankie Valli & the Four Seasons","Beggin': the Ultimate Collection"
"Radiohead","Kid A"
"M83","Solitude (Felsmann + Tiley Reinterpretation) - Single"
"Elton John","Hold Me Closer"
"Young Thug","Jeffery"
"Luci4","BodyPartz - Single"
"Lush","Spooky"
"Mindless Self Indulgence","Tight"
"Cocteau Twins","Live In Brussels 1990"
"Johnny Cash","The Legend of Johnny Cash"
"Metro Boomin","METRO BOOMIN PRESENTS SPIDER-MAN: ACROSS THE SPIDER-VERSE (SOUNDTRACK FROM AND INSPIRED BY THE MOTION PICTURE)"
"Deftones","Around the Fur"
"The Weeknd","After Hours (Deluxe Video Album)"
"Mr. Probz","Waves"
"Halsey","BADLANDS (Deluxe)"
"Vashti Bunyan","Some Things Just Stick in Your Mind: Singles and Demos: 1964 to 1967"
"Bad Bunny","EL ÚLTIMO TOUR DEL MUNDO"
"Various Artists","NRJ Hits 2018"
"Various Artists","Now That's What I Call Music! Vol. 72"
"Set It Off","Cinematics (Expanded Edition)"
"Destiny's Child","Destiny Fulfilled"
"Don Henley","Building The Perfect Beast"
"Travis Scott","Birds in the Trap Sing McKnight"
"Pentagon","UNIVERSE : THE HISTORY"
"Justin Bieber","Journals"
"Alexandra Stan","Saxobeats"
"Carole King","Tapestry"
"Dynoro","In My Mind"
"Mac Miller","Faces"
"Ichiko Aoba","アダンの風"
"Banda do Mar","Banda do Mar"
"Yung Gravy","Betty (Get Money)"
"The Beatles","Abbey Road (Remastered)"
"Mindless Self Indulgence","You'll Rebel To Anything"
"Gorillaz","Gorillaz"
"Radiohead","OK Computer OKNOTOK 1997 2017"
"NCT DREAM","Hello Future"
"Lin-Manuel Miranda","Hamilton (Original Broadway Cast Recording)"
"Imagine Dragons","Mercury - Acts 1 & 2"
"Juice WRLD","In My Head"
"The White Stripes","Get Behind Me Satan"
"Macklemore","Gemini"
"Ariana Grande","Positions"
"The 1975","Being Funny in a Foreign Language"
"DMX","The Definition Of X: Pick Of The Litter"
"Arctic Monkeys","Humbug"
"Project Pat","Layin Da Smack Down"
"Dreamgirl","Illuminaughty - EP"
"VACATIONS","Days"
"Kittie","Spit"
"Iron & Wine","The Shepherd's Dog"
"One Direction","FOUR"
"The Sundays","Reading, Writing and Arithmetic"
"Mitski","Laurel Hell"
"Freddie Dredd","Wrath"
"Taylor Swift","Taylor Swift"
"La Oreja de Van Gogh","Lo que te conté mientras te hacías la dormida"
"Flo Milli","In The Party"
"Grouplove","Spreading Rumours"
"The 1975","Notes on a Conditional Form"
"The Shins","Wincing the Night Away"
"Jin","Abyss"
"P1Harmony","HARMONY : ALL IN"
"Jimmy Eat World","Bleed American"
"Ricky Montgomery","Montgomery Ricky"
"The Doobie Brothers","Greatest Hits"
"Ed Sheeran","÷ (Deluxe)"
"Tyler Childers","Purgatory"
"LOOΠΔ / ODD EYE CIRCLE","Max & Match"
"The Velvet Underground","The Velvet Underground"
"100 gecs","Doritos & Fritos"
"Red Velvet","The ReVe Festival 2022 – Feel My Rhythm"
"Chappell Roan","Casual - Single"
"R.E.M.","Document"
"Hollywood Undead","Swan Songs"
"My Chemical Romance","The Foundations of Decay"
"Radiohead","2003-05-22: Apollo Theatre, Manchester, UK"
"DANGERDOOM","The Mouse & The Mask"
"Foo Fighters","But Here We Are"
"Bryan Adams","So Far So Good"
"JVKE","this is what autumn feels like"
"Chord Overstreet","Hold On"
"Various Artists","Los Nº 1 de 40"
"NCT 127","Ay-Yo - The 4th Album Repackage"
"Cherub","Year of the Caprese"
"Radiohead","Pablo Honey"
"Michael Sembello","Bossa Nova Hotel"
"Various Artists","NRJ 300% Hits 2016"
"The Smashing Pumpkins","Rarities & B-Sides"
"The Calling","Camino Palmero"
"Armani White","BILLIE EILISH. - Single"
"Linkin Park","One More Light"
"CORPSE, Night Lovell","HOT DEMON B!TCHES NEAR U ! ! !"
"Sara Bareilles","Little Voice"
"Destiny's Child","The Writing's on the Wall"
"Drake","0 To 100 / The Catch Up"
"The Cranberries","No Need to Argue"
"Superheaven","Jar"
"Delaney Bailey","Finish Line"
"MCCAFFERTY","Beachboy"
"Dua Lipa","Future Nostalgia: The Moonlight Edition"
"Foo Fighters","Wasting Light"
"KaytrAminé","KAYTRAMINÉ"
"Latto","Put It on da Floor Again (feat. Cardi B) - Single"
"David Guetta","Listen (Deluxe)"
"Various Artists","3FM - 36 Serious Tracks"
"Tory Lanez","I LIKE"
"Frank Ocean","Biking (Solo)"
"Lay Bankz","Now You See Me"
"Juice WRLD","Legends Never Die"
"Karol G","MAÑANA SERÁ BONITO"
"Don Toliver","Love Sick"
"Video Days","Sungazing"
"Billie Holiday","Billie Holiday's Greatest Hits"
"The Beatles","The Beatles (Remastered)"
"Starfucker","Starfucker"
"Hensonn","Sahara - Single"
"The 1975","A Brief Inquiry Into Online Relationships"
"Yves Tumor","Heaven to a Tortured Mind"
"Julieta Venegas","Limón y Sal"
"Caroline Polachek","Billions - Single"
"Pink Floyd","Pulse"
"The Fray","The Fray"
"SunKissed Lola","Pasilyo - Single"
"Various Artists","BAJONKI!"
"Jon Bellion","The Human Condition"
"The Doobie Brothers","Best of The Doobies"
"Various Artists","Ultimate Party"
"Khalid & Normani","Love Lies (Rick Ross Remix)"
"Various Artists","Indie Mix"
"BTS","SKOOL LUV AFFAIR"
"The Righteous Brothers","Unchained Melody"
"Nothing But Thieves","Dead Club City"
"Pavement","Crooked Rain, Crooked Rain"
"TWICE","Eyes wide open"
"Jorge Ben","Tropical"
"Dean Martin","Dino: The Essential Dean Martin"
"Cigarettes After Sex","Affection"
"Beach House","Bloom"
"Bob Dylan","Highway 61 Revisited"
"Ginuwine","Greatest Hits"
"Jonas Brothers","The Album"
"Cher Lloyd","Want U Back"
"LoveJoy","""Are you alright?"""
"Ozuna","OzuTochi"
"Florence + the Machine","Ceremonials"
"Daft Punk","Random Access Memories (10th Anniversary Edition)"
"Stromae","Racine Carrée"
"Central Cee","Pinging (6 Figures)"
"N.W.A","Straight Outta Compton"
"Kim Petras","Problématique"
"The Kinks","The Ultimate Collection"
"Eve","Bunka"
"Jakob","Velvet Light"
"Burna Boy","Last Last"
"Rage Against the Machine","The Battle of Los Angeles"
"Mom Jeans.","Best Buds"
"Clean Bandit","Rockabye (feat. Sean Paul & Anne-Marie)"
"Charli XCX","Baby"
"Soap&Skin","Sugarbread"
"Lin-Manuel Miranda","Hamilton"
"Jeremih","Jeremih"
"Clairo","Sling"
"Nothing But Thieves","Amsterdam"
"James Arthur","Back from the Edge"
"YoungBoy Never Broke Again","Nevada"
"Jessie Ware","Free Yourself"
"100 gecs","10,000 gecs tour - live at terminal 5"
"(G)I-DLE","I Trust - EP"
"Blondie","Atomic: The Very Best of Blondie"
"NCT DREAM","Hello Future - The 1st Album Repackage"
"Slow Pulp","Yard"
"Destroy Boys","Sorry, Mom"
"Bob Dylan","The Best of Bob Dylan"
"XG","NEW DNA"
"Awolnation","Megalithic Symphony"
"Linkin Park","Underground 3.0"
"The Microphones","Song Islands"
"Daft Punk","Random Access Memories"
"Wallows","OK"
"Hotel Ugly","The Ballad of Eddie Jabuley - Single"
"Judas Priest","Painkiller"
"Lily Allen","Fuck You"
"Semisonic","Feeling Strangely Fine"
"Boards of Canada","Music Has the Right to Children"
"Odetari","XIII SORROWS"
"Various Artists","The Dome Vol. 32"
"Chase Atlantic","Chase Atlantic"
"Baby Bash","Suga Suga"
"Avenged Sevenfold","Waking The Fallen"
"Chico Buarque","O Sambista"
"Men I Trust","Lauren"
"Seu Jorge","Músicas para Churrasco, Vol. 1"
"Blur","The Ballad of Darren"
"Post Malone","beerbongs & bentleys"
"Migos","Culture III (Extended Version)"
"wave to earth","wave 0.01 - EP"
"Lin-Manuel Miranda","Hamilton: An American Musical (Original Broadway Cast Recording)"
"Dua Lipa","Future Nostalgia (Deluxe)"
"Nardo Wick","Who is Nardo Wick?"
"Nelly Furtado","Whoa, Nelly!"
"Evanescence","Greatest Hits"
"Ke$ha","Animal"
"Brent Faiyaz","Fuck the World"
"NAV","Demons Protected by Angels"
"Foo Fighters","Foo Fighters"
"Vengaboys","The Party Album!"
"Central Cee","No More Leaks"
"Doja Cat","Planet Her (Deluxe)"
"Future","Monster"
"Various Artists","Woman: The Collection"
"Lontalius","Surrender (2014 - 2017)"
"Men I Trust","Untourable Album"
"BLP KOSHER","Special K - Single"
"jnhygs","SHAKE THAT SHIT!"
"Wallows","Spring - EP"
"Little Mix","Get Weird (Deluxe)"
"Etta James","Her Best"
"Junior Senior","D-D-Don't Don't Stop the Beat"
"Yandel","Yandel 150"
"Noah Kahan","Stick Season (We'll All Be Here Forever)"
"Jhené Aiko","Trip"
"Fifty Fifty","Barbie Dreams (feat. Kaliii) [From Barbie The Album]"
"Halsey","Love And Power EP: Power"
"Various Artists","Chilled Acoustic"
"Drake","Certified Lover Boy"
"Destroy Lonely","In the Air - Single"
"InterWorld","METAMORPHOSIS (Sped Up)"
"SYML","Where's My Love (Acoustic)"
"VHOOR","Baile"
"Earl Sweatshirt","Sick!"
"Bauhaus","Crackle"
"SHINee","Don't Call Me - The 7th Album"
"The Cramps","Bad Music for Bad People"
"Men I Trust","Ring of Past"
"Bloc Party","Silent Alarm"
"Chino Pacas","El Gordo Trae El Mando - Single"
"Chuck Berry","The Best Of"
"Lil' Wayne","Mirror"
"IU","Can't Love You Anymore (with OHHYUK) - Single"
"Avicii","True"
"$NOT","Ethereal"
"Teddy Hyde","Sock-Footed"
"Nickelback","All The Right Reasons"
"The Who / The Kinks [The Kinks] / Television / Devo / The Pogues [The Pogues]","2009-12-05: “Underneath The Covers” Benefit , 40 Watt Club, Athens, GA, USA"
"Machine Girl","...BECAUSE I'M YOUNG ARROGANT AND HATE EVERYTHING YOU STAND FOR"
"Charlie Brown JR.","Camisa 10 (Joga Bola Até na Chuva)"
"Deftones","You've Seen the Butcher"
"Baco Exu do Blues","QVVJFA?"
"Drake","Take Care (Explicit Deluxe)"
"Camila Cabello","Bam Bam (feat. Ed Sheeran)"
"Kendrick Lamar","good kid, m.A.A.d city [Clean] [Clean]"
"Radiohead","Amnesiac"
"Radiohead","The Bends"
"Radiohead","OK Computer"
"Tory Lanez","’87 Stingray - Single"
"Joan Jett and the Blackhearts","Greatest Hits"
"Playboi Carti","Die Lit"
"Adoniran Barbosa","Meus Momentos"
"Psy","싸이6甲 Part.1"
"Britney Spears","Work Bitch"
"Dio","Holy Diver"
"James Bay","Let It Go"
"We the Kings","We the Kings"
"Teezo TouchDown","how do you sleep at night?"
"Young Nudy","Peaches & Eggplants (feat. Latto & Sexyy Red) - Single"
"Sonic Youth","Goo"
"Various Artists","Vinícius"
"Various Artists","International Women's Day - Hip Hop/RnB"
"Elliott Smith","A Proper Introduction"
"Justin Bieber","Never Say Never - The Remixes"
"Alec Benjamin","Narrated for You"
"Zara Larsson","Can’t Tame Her"
"khai dreams","Now and Then [Explicit]"
"Little Simz","Woman"
"Faye Webster","I Know I'm Funny haha"
"Aphex Twin","Syro"
"Flora Cash","You're Somebody Else"
"Guti","Late Nights and Heartbreak [Explicit]"
"Nat King Cole","The World of Nat King Cole"
"Mora","Microdosis"
"Sepultura","Roots"
"Various Artists","Now That's What I Call Music! 99"
"Escape the Fate","Dying Is Your Latest Fashion"
"half•alive","Still Feel. - Single"
"Tyler, the Creator","GROUP B"
"Starship","Knee Deep in the Hoopla"
"Conan Gray","Superache"
"Jeff Rosenstock","LIKED U BETTER"
"Mach-Hommy","Pray For Haiti"
"Pastel Ghost","DARK BEACH EP"
"Washed Out","Life of Leisure"
"The Beatles","Let It Be (Remastered)"
"TOMORROW X TOGETHER","The Name Chapter: TEMPTATION"
"Korn","Untouchables"
"Destroy Lonely","If Looks Could Kill [Clean] [Clean]"
"Junior H","El Azul"
"Queens of the Stone Age","Era Vulgaris"
"Tool","Ænima"
"Breakbot","Baby I'm Yours"
"Paramore","This Is Why"
"Paramore","After Laughter"
"The Buttertones","Buttertones"
"My Chemical Romance","Three Cheers For Sweet Revenge [Explicit]"
"Gang of Youths","Go Farther In Lightness"
"Tyler, the Creator","CALL ME IF YOU GET LOST"
"Post Malone","Saint-Tropez"
"Eyedress","The Dark Prince (feat. Mac DeMarco)"
"MGMT","Little Dark Age"
"Ghost","Jesus He Knows Me"
"Lil Wayne","Kat Food"
"Cocteau Twins","BBC Sessions"
"Summrs","Fallen Raven"
"Marty Robbins","Memories in Song"
"Boys Like Girls","Boys Like Girls"
"Autumn!","One Way!"
"Sonder","TOO LATE TO DIE YOUNG"
"Mc IG","Faz Completo, Chefe"
"BTS","Skool Luv Affair (Special Edition)"
"Various Artists","Cozy Moments"
"Fool's Garden","Dish Of The Day"
"Meduza","Bad Memories (feat. Elley Duhé & FAST BOY)"
"Various Artists","Pop Trending Autumn 2021"
"Foster the People","Sacred Hearts Club"
"(G)I-DLE","I Am"
"Bakar","Alive!"
"Bad Bunny","MIA"
"Thirty Seconds to Mars","Stuck"
"J Balvin","Mi Gente"
"Various Artists","Café com Cuscuz Funk"
"BTS","LOVE YOURSELF 承 'Her'"
"Ski Aggu","Friesenjung"
"Elis Regina","Montreux Jazz Festival"
"Pusha T","My Name Is My Name"
"Future","March Madness"
"Various Artists","Hannah Montana: The Movie"
"Madonna","The Immaculate Collection"
"AC/DC","The Very Best"
"Rubel","Pearl"
"Lykke Li","Youth Novels"
"Various Artists","Indie Weekend"
"Various Artists","NRJ Music Awards 2015"
"Agust D","D‐DAY"
"Blood Orange","Negro Swan"
"Alicia Keys","Songs in A Minor"
"Jordan Ward","FORWARD"
"Panic! at the Disco","Itunes Live"
"Candy Claws","Ceres & Calypso in the Deep Time"
"Pitbull","Globalization"
"Various Artists","Indie Rock Songs"
"Klaxons","Myths of the Near Future"
"Kanye West","Late Orchestration"
"Bleachers","Strange Desire"
"ENHYPEN","DIMENSION : DILEMMA"
"Foo Fighters","One by One"
"Various Artists","Absolute Summer Hits 2013"
"Cordae","Two Tens (feat. Anderson .Paak) - Single"
"CHUNG HA","Gotta Go - Single"
"Cigarettes After Sex","Crush"
"Hole","Live Through This"
"Tyler Childers","In Your Love"
"Blur","13"
"Metallica","Garage, Inc."
"TOMORROW X TOGETHER","Back for More (TXT Ver.)"
"J. Cole","i n t e r l u d e"
"Super Guitar Bros","Ocarina of Time"
"Selena Gomez & the Scene","Kiss & Tell"
"DJ Rectangle","Vinyl Combat 6"
"Lana Del Rey","Born to Die - The Paradise Edition"
"Alice Cooper","Trash"
"Crumb","Jinx"
"Justin Bieber","My World 2.0"
"Xavier Wulf","Tundra Boy Season One"
"Bones","IFeelLikeDirt"
"Kylie Minogue","Tension (Deluxe)"
"G Herbo","PTSD"
"Gorillaz","Demon Days"
"The xx","xx"
"The Zombies","Begin Here"
"Metallica","Master of Puppets (Remastered Deluxe Box Set)"
"Band of Horses","Everything All the Time"
"BTS","BE"
"The White Stripes","White Blood Cells"
"FLO","Cardboard Box"
"Lana Del Rey","Lana Del Ray a.k.a. Lizzy Grant"
"The Flaming Lips","Yoshimi Battles The Pink Robots"
"Hot Chelle Rae","Tonight Tonight"
"Rihanna","Loud"
"Robyn","Dancing on My Own"
"James Blake","Playing Robots Into Heaven"
"Odd Sweetheart","Odd Sweetheart - Single"
"Belinda Carlisle","Heaven On Earth"
"kets4eki","party addict"
"A$AP Rocky","AT.LONG.LAST.A$AP"
"LCD Soundsystem","This Is Happening"
"Tory Lanez","In For It"
"Rauw Alejandro","BABY HELLO"
"Philip Bailey","Chinese Wall"
"Kai","Peaches - The 2nd Mini Album"
"Red Velvet","The Red - The 1st Album"
"Kanye West","Yeezus"
"Luis Miguel","Soy Como Quiero Ser"
"Ken Carson","XTENDED"
"Rina Sawayama","SAWAYAMA"
"MC Xenon","Sem Aliança no Dedo"
"The Who","Who's Next"
"Killswitch Engage","As Daylight Dies"
"Cigarettes After Sex","Cry"
"Maggie Rogers","Alaska"
"Anderson .Paak","Malibu"
"Depeche Mode","Speak & Spell"
"Various Artists","Ultratop Hit Connection - Best Of 2016"
"Bo Burnham","The Inside Outtakes"
"Gloria Gaynor","I Will Survive"
"Sonic Youth","Sister"
"Panic! at the Disco","Too Weird to Live, Too Rare to Die!"
"Red Hot Chili Peppers","Live in Hyde Park"
"Insane Clown Posse","The Wraith: Hell's Pit"
"Soundgarden","Superunknown"
"Tee Grizzley","From The D To The A (feat. Lil Yachty)"
"Mac Miller","Best Day Ever"
"Laura Branigan","Self Control"
"Car Seat Headrest","Twin Fantasy"
"Elijah Fox","Wyoming - Single"
"Chris Brown","Exclusive: The Forever Edition"
"Various Artists","Random Songs"
"Fuerza Regida","TQM"
"Lemon Demon","Dinosaurchestra"
"beabadoobee","She Plays Bass - Single"
"Juice WRLD","Smile (with The Weeknd)"
"Jack Stauber's Micropop","Micropop"
"The Weeknd","Starboy (Deluxe)"
"Superheaven","Ours Is Chrome"
"Sia","Everyday Is Christmas"
"Michael Jackson","Bad 25th Anniversary"
"Linkin Park","Minutes to Midnight"
"Ghost","Infestissumam"
"Niki","wanna take this downtown?"
"Evanescence","Fallen"
"Ayesha Erotica","Big Juicy"
"Alex G","Rules (ALBUM)"
"Various Artists","Now That's What I Call Music!, Vol. 70"
"Various Artists","Lonely Songs"
"Daft Punk","Discovery"
"Lorde","Melodrama"
"Kordhell","Live Another Day"
"Teriyaki Boyz","Tokyo Drift (Fast & Furious)"
"Yves Tumor","When Man Fails You"
"Lil' Wayne","Tha Carter III"
"Slow Pulp","Back Catalogue"
"Sonder","Into"
"Lord Huron","Meet Me in the Woods"
"Deftones","Saturday Night Wrist"
"Vaundy","踊り子 - Single"
"Macabre Plaza","Out With the Old in With the Taboo - EP"
"Three 6 Mafia","Most Known Unknown"
"Player","Player"
"Jorja Smith","Falling Or Flying"
"BTS","Love Yourself 'Tear'"
"Stan Getz","Getz For Lovers"
"Megan Thee Stallion","Good News"
"Dayglow","Close To You"
"Greta Van Fleet","Black Smoke Rising"
"LE SSERAFIM","FEARLESS"
"Peter McPoland","Digital Silence"
"Crush","Street Woman Fighter2 (SWF2) Class Mission(Sub-leader)"
"Shakira","Loba"
"Various Artists","Home Office Hip Hop"
"Zach Bryan","Elisabeth"
"DJ Khaled","GOD DID"
"美波","カワキヲアメク"
"Summer Walker","Last Day Of Summer [Explicit]"
"Marcy Playground","Marcy Playground"
"P!nk","The Truth About Love"
"Zach Bryan","Burn, Burn, Burn - Single"
"Peach Pit","Being so Normal"
"Zach Templar","orange blood"
"Eminem","Venom (Music From The Motion Picture)"
"Rio Romeo","Good God!"
"$uicideboy$","KILL YOURSELF PART XX: THE INFINITY SAGA"
"Green Day","Dookie"
"Galantis","No Money"
"A$AP Rocky","Goldie"
"Various Artists","Sunny Day High: Chillout Indie Pop"
"The Japanese House","Good at Falling"
"Cults","Monolithic"
"Car Seat Headrest","Twin Fantasy [Explicit]"
"Johann Sebastian Bach; Antonio Janigro","The 6 Suites for Solo Cello"
"Ginuwine","100% Ginuwine"
"Bones","UNRENDERED"
"JIHYO","Killin' Me Good (English Ver.) - Single"
"Metallica","Ride the Lightning (Deluxe Remaster)"
"Peso Pluma","PRC"
"Baby Keem","DIE FOR MY BITCH"
"10cc","The Very Best of 10cc"
"Slipknot","The Studio Album Collection (1999 - 2008)"
"The Weeknd","After Hours [Explicit]"
"Regina Spektor","Far"
"Various Artists","NOW That's What I Call A Party 2019"
"Tyler, the Creator","Cherry Bomb + Instrumentals"
"Dua Lipa","Future Nostalgia (édition française)"
"Regard","You (Topic Remix)"
"YBN Nahmir","Opp Stoppa (feat. 21 Savage)"
"Kardinal Offishall","Not 4 Sale"
"Post Malone","Cooped Up"
"Duster","Stratosphere"
"Charli XCX","how i'm feeling now"
"Various Artists","BRAVO Hits 87"
"Babyface Ray","Ron Artest"
"Avril Lavigne","Under My Skin"
"Disturbed","Ten Thousand Fists"
"MOMOLAND","Great! - EP"
"Various Artists","MNM Big Hits 2014.3"
"Various Artists","Pop Party 13"
"Madonna","Like a Virgin"
"OneRepublic","Dreaming Out Loud"
"Kim Petras","Feed The Beast [Clean]"
"The Ink Spots","Their Greatest Hits"
"Lizzo","Special"
"Young Miko","Lisa"
"Japanese Breakfast","Soft Sounds From Another Planet"
"Various Artists","Melodic & Chill"
"Hippie Sabotage","Providence"
"Various Artists","Relaxar em Casa"
"Jeff Buckley","Grace"
"Lizzy McAlpine","all my ghosts"
"Flo Milli","Conceited"
"Ellie Goulding","Bright Lights"
"Kali Uchis","Tyrant (feat. Jorja Smith)"
"Lionel Richie","Back to Front"
"Warren G","Regulate... G Funk Era"
"The Mamas & the Papas","Greatest Hits"
"Skeeter Davis","The Essential Skeeter Davis"
"Lana Del Rey","Once Upon a Dream (From ""Maleficent"") [Original Motion Picture Soundtrack]"
"Led Zeppelin","Led Zeppelin IV (1994 Remaster"
"Karol G","S91"
"Kep1er","DOUBLAST"
"f(x)","4 Walls - The 4th Album"
"Herb Alpert and the Tijuana Brass","Whipped Cream & Other Delights"
"TEMPOREX","Numbers"
"DJ dig-it","New Vinylgie"
"Earl Sweatshirt","I Don't Like Shit, I Don't Go Outside: An Album by Earl Sweatshirt"
"Richy Mitch & The Coal Miners","RMCM"
"Lana Del Rey","Cherry Blossom: Best American Record Edition"
"Sufjan Stevens","Seven Swans"
"Various Artists","The Dome Vol. 100"
"Van Halen","1984 (Remaster)"
"NCT","NCT RESONANCE Pt. 1 - The 2nd Album"
"glichery","Sea of Problems - Single"
"Dominic Fike","Don't Forget About Me, Demos [Explicit]"
"ENHYPEN","Criminal Love"
"Various Artists","THIS IS Dance 2016"
"Various Artists","Wednesday - Songs For My Funeral"
"Joey Bada$$","2000"
"Starflyer 59","Starflyer 59"
"Men I Trust","Say, Can You Hear"
"Natalia Lafourcade","Hasta la Raíz"
"Mother Mother","O My Heart"
"Taylor Swift","All Too Well (The Collection)"
"Leona Lewis","Spirit"
"Spin Doctors","Pocket Full Of Kryptonite"
"Various Artists","MegaHits: Sommer 2021"
"Rauw Alejandro","LOKERA"
"Waterparks","Turbulent - Single"
"Lit Killah","Los del Espacio"
"Demi Lovato","Demi"
"Ellie Goulding","Love Me Like You Do (From ""Fifty Shades of Grey"")"
"John Denver","John Denver's Greatest Hits"
"The All-American Rejects","Tournado"
"Mike Will Made-It","Blood Moon (feat. Lil Uzi Vert) - Single"
"Ali","MUSIC WORLD"
"The Crane Wives","Coyote Stories"
"Massive Attack","Mezzanine"
"Various Artists","Rtl Hits 2018"
"Earl Sweatshirt","MAKING THE BAND (DANITY KANE) - Single"
"Fifth Harmony","7/27 (Japan Deluxe Edition)"
"Kaiser Chiefs","Yours Truly, Angry Mob"
"$uicideboy$","I NO LONGER FEAR THE RAZOR GUARDING MY HEEL (II)"
"Caesars","Paper Tigers"
"yaya bey","The Things I Can't Take With Me"
"Em Beihold","Numb Little Bug"
"Kim Petras","Problematique"
"DragonForce","Inhuman Rampage"
"Emile Mosseri","Minari (Original Motion Picture Soundtrack)"
"Coldplay","A Rush of Blood to the Head"
"Kylie Minogue","Live In Dublin"
"Sim","The Rumbling"
"Joe Hisaishi","Anime Study"
"Fall Out Boy","So Much (for) Stardust"
"Gorillaz","Andromeda (feat. D.R.A.M.)"
"Sweet Trip","Velocity : Design : Comfort"
"Linkin Park","Living Things"
"Alvvays","Pharmacist"
"Julia Jacklin","Pressure to Party"
"Fifth Harmony","7/27 (Deluxe)"
"Frances Forever","Space Girl - Single"
"Shakira","Greatest Hits"
"Los Abuelos de la Nada","Vasos Y Besos"
"Calvin Harris","My Way"
"Benny the Butcher","Johnny P's Caddy"
"Ari Abdul","Babydoll - Single"
"Fisher","Atmosphere"
"Azealia Banks","1991"
"Still Woozy","Window - Single"
"Ashnikko","Worms"
"Fred again..","Danielle (Smile On My Face)"
"Various Artists","Now That's What I Call Music, Vol. 75"
"Bones","SoThereWeStood"
"Nick Cave & The Bad Seeds","Abattoir Blues / Lyre of Orpheus"
"DJ Snake","Middle"
"Moby","Play"
"Death Grips","The Money Store"
"beabadoobee","Patched Up [Explicit]"
"NLE Choppa","Top Shotta"
"Ayesha Erotica","Literal Legend"
"Crazy Town","The Gift of Game"
"群星","2022 热歌合集"
"Aphex Twin","Come To Daddy Remixed"
"Various Artists","Women In Pop"
"Brent Faiyaz","Sonder Son"
"Chase Atlantic","Paradise"
"Kendrick Lamar","DAMN. COLLECTORS EDITION."
"Fred again..","Jungle"
"Simple Plan","No Pads, No Helmets... Just Balls"
"Still Woozy","Cooks"
"Movements","Feel Something"
"Sleeping with Sirens","With Ears to See and Eyes to Hear"
"Zedd","Stay the Night"
"Cuco","Lo Que Siento"
"Various Artists","Rap 2020"
"Danny Ocean","Me Rehúso - Single"
"Tyler, the Creator","OKRA - Single"
"Marvin Gaye","What's Going On"
"A$AP Rocky","Babushka Boi"
"Various Artists","Rap Mix"
"Kodak Black","love & war"
"Destroy Lonely","</3²"
"Eve","Eve-Olution"
"DDG","I'm Geekin - Single"
"The Garden","haha"
"Arctic Monkeys","AM"
"Metallica","Reload"
"Nessa Barrett","pretty poison"
"Various Artists","100% Tubes de l'Eté 2017 (Tous Les Hits Actuels, Disco-Funk, Années 80, Party, Soleil de l'Été)"
"Peach Pit","Shampoo Bottles"
"Feid","Feliz Cumpleaños Ferxxo"
"YBN Nahmir","Rubbin off the Paint"
"Mobb Deep","The Infamous"
"Pyotr Ilyich Tchaikovsky","André Previn Conducts Tchaikovsky"
"Bridgit Mendler","Hello My Name Is..."
"The Black Keys","iTunes Session"
"3 Doors Down","Away from the Sun"
"Lana Del Rey","Video Games (Remastered)"
"P!nk","The Truth About Love (Deluxe Version)"
"D-Jizzle","20 Years of RNB, Part 1"
"Maroon 5","Songs About Jane"
"Kanye West","VH1 Storytellers"
"The Mountain Goats","Tallahassee"
"Indila","Mini World"
"David Kushner","Mr. Forgettable"
"Red Velvet - IRENE & SEULGI","Monster - The 1st Mini Album"
"U2","All That You Can't Leave Behind"
"The Jesus and Mary Chain","Psychocandy"
"Yena","HATE XX - Single"
"Fergie","The Dutchess"
"Lykke Li","sex money feelings die (slowed version) [Explicit]"
"Oliver Heldens","10 Out of 10 (feat. Kylie Minogue) - Single"
"Norah Jones","Come Away with Me"
"XG","MASCARA"
"DPR IAN","Dear Insanity..."
"Fall Out Boy","Love From the Other Side"
"Morgan Wallen","You Proof"
"DANGERDOOM","The Mouse and the Mask"
"Drake","So Far Gone"
"Tiësto","The Motto (Tiësto’s New Year’s Eve VIP Mix)"
"Fugees","The Score"
"Juice WRLD","Bad Boy (with Young Thug)"
"Yes","90125"
"The Whitest Boy Alive","Dreams"
"Pitty","Admirável Chip Novo"
"Juice WRLD","Goodbye & Good Riddance (Anniversary Edition)"
"SHINee","Odd - The 4th Album"
"Lou Reed","Transformer"
"Korn","Life Is Peachy"
"Various Artists","Reggaetón Argentina"
"Scissor Sisters","Ta Dah"
"Shawn Mendes","Handwritten (Revisited)"
"Vince Staples","Vince Staples"
"Seals & Crofts","Seals & Crofts' Greatest Hits"
"KANA-BOON","シルエット"
"Jefferson Airplane","Surrealistic Pillow"
"Sniper Gang, Syko Bob & Snapkatt","Sniper Gang Presents Syko Bob & Snapkatt: Nightmare Babies"
"TRASHXRL","Sequência da Dz7"
"Melanie Martinez","Dollhouse EP"
"Dom Corleo","Penthouse Shordy"
"ENHYPEN","DARK BLOOD - EP"
"Selena Gomez","Bad Liar - Single"
"Bruce Springsteen","I'm On Fire"
"Young Miko","wiggy"
"Deftones","Covers"
"Kate Bush","The Kick Inside"
"Public","Let's Remake It"
"DJ Khaled","GREECE (feat. Drake) - Single"
"Jack Johnson","In Between Dreams"
"Crumb","Locket"
"6LACK","Free 6LACK"
"Various Artists","Knuffelrock 2012 - Jubileum-Editie"
"David Guetta","Who's That Chick"
"Joyce Manor","Joyce Manor"
"Modern Baseball","Sports"
"The Raconteurs","Broken Boy Soldiers"
"Big Time Rush","BTR"
"Hole","Celebrity Skin"
"Passion Pit","Manners"
"Various Artists","The Dome, Vol. 99"
"Falling in Reverse","Popular Monster"
"Mac DeMarco","One Wayne G"
"Mumford & Sons","Sigh No More"
"Rihanna","Talk That Talk"
"ATEEZ","TREASURE EP.FIN: All To Action"
"Various Artists","Absolute 00'S"
"Disclosure","Settle (Special Edition)"
"The Beaches","Blame Brett"
"Coco & Clair Clair","Pretty - Single"
"Rush","Moving Pictures"
"Marilyn Manson","Antichrist Superstar"
"Bowling for Soup","A Hangover You Don't Deserve"
"DPR IAN","So Beautiful - Single"
"Electric Light Orchestra","Discovery"
"Coco & Clair Clair","Pop Star - Single"
"Pierce The Veil","Selfish Machines"
"Various Artists","Glückslieder - Songs die glücklich machen"
"Mumford & Sons","Babel"
"Tyler, the Creator","Flower Boy"
"Jack Stauber's Micropop","Shop: A Pop Opera"
"Drake","Non-stop"
"Toshifumi Hinata","REALITY IN LOVE"
"Roy Orbison","The Essential Roy Orbison"
"Turnstile","BLACKOUT"
"Kim Carnes","Mistaken Identity"
"A$AP Mob","Raf (feat. A$AP Rocky, Playboi Carti, Quavo, Lil Uzi Vert & Frank Ocean) - Single"
"BTS","YOU NEVER WALK ALONE"
"Beyoncé","Baby Boy - Single"
"Chloe Moriondo","I Eat Boys"
"The Script","The Script"
"$uicideboy$","KILL YOURSELF PART XIII: THE ATLANTIS SAGA"
"Demi Lovato","Confident (Deluxe Edition)"
"Frou Frou","A New Kind of Love (demo)"
"Megadeth","Greatest Hits: Back to the Start"
"Ween","Live at Stubb's 7/2000"
"Smash Mouth","Fush Yu Mang"
"Paul McCartney","The 7” Singles"
"Various Artists","KuschelRock 35"
"NAV","NAV"
"Mac Miller","GO:OD AM"
"Miley Cyrus","Plastic Hearts [Explicit]"
"Enanitos Verdes","Big Bang"
"Bo Burnham","Inside (The Songs)"
"Whethan","MIDNIGHT"
"Aretha Franklin","Respect"
"Isabel LaRosa","i'm yours - Single"
"Lynyrd Skynyrd","All Time Greatest Hits"
"The Head and the Heart","ITunes Session"
"Bruno Mars","Love's Train"
"Queens of the Stone Age","...Like Clockwork"
"Everglow","ARRIVAL OF EVERGLOW"
"Various Artists","Just Hits"
"Various Artists","Crosswalk, Vol. 1"
"Beach Fossils","Clash The Truth"
"RM","Indigo"
"The Neighbourhood","I Love You."
"Sam Fender","Seventeen Going Under"
"Sampha","Lahai"
"NLE Choppa","Cottonwood"
"Matuê","Conexões de Máfia (feat. Rich The Kid) - Single"
"Oscar Lang","She Likes Another Boy + Talk 2 U"
"Niall Horan","Flicker (Deluxe)"
"Mallrat","Butterfly Blue"
"DJ Rectangle","Pyro Technics"
"Niall Horan","The Show"
"Aretha Franklin","I Never Loved a Man the Way I Love You"
"Princess Chelsea","The Loneliest Girl"
"Various Artists","Now That's What I Call Feel Good"
"Kanye West","Graduation (UK Version)"
"The Marías","Superclean, Vol. II"
"Adrian","9AM in Calabasas"
"D.O.","기대"
"Cartola","Cartola"
"Elliott Smith","Either/Or"
"Playboi Carti","Whole Lotta Red"
"Thundercat","Drunk"
"Flume featuring Toro y Moi","The Difference"
"Miguel","Kaleidoscope Dream"
"Blur","Blur"
"Sir Chloe","Sedona"
"Sabrina Carpenter","emails i can’t send fwd:"
"THE ORAL CIGARETTES","Kyouran Hey Kids!!"
"Lana Del Rey","Wildflower Wildfire - Single"
"Paul Simon","Graceland"
"Hozier","Shrike"
"Mountain","Climbing!"
"VACATIONS","Vibes"
"Oliver Tree feat. Ty Dolla $ign","Life Goes On"
"BTS","2 COOL 4 SKOOL"
"Ke$ha","Cannibal"
"The Japanese House","Saw You in a Dream"
"Yot Club","Japan - Single"
"Bizarrap","Peso Pluma: Bzrp Music Sessions, Vol. 55"
"Madonna","True Blue"
"Charlie Brown JR.","Imunidade Musical"
"Rae Sremmurd","No Type"
"Various Artists","Emotions of Note"
"Joy Division","Die Kalten Winde Des Winters"
"Victoria Monét","Smoke (feat. Lucky Daye)"
"The Weeknd","The Idol Episode 4 (Music from the HBO Original Series)"
"Foster the People","Torches"
"Drake","More Life (A Playlist By October Firm)"
"Panic! at the Disco","Too Weird To Live, Too Rare To Die! [Explicit]"
"Michael Jackson","XSCAPE"
"Bee Gees","The Tribute Bee Gees"
"Various Artists","Massive Hits"
"*NSYNC","No Strings Attached"
"Skank","Estandarte"
"Various Artists","MNM Big Hits 2021 Vol. 1"
"D12","D12 World"
"starry cat","starry cat"
"Bladee","Icedancer"
"Lewis Capaldi","Bruises"
"Gilsons","Várias Queixas"
"Melanie Martinez","PORTALS [Clean]"
"50 Cent","The Massacre"
"The Moldy Peaches","The Moldy Peaches"
"Dreamville","1-888-88-DREAM - Single"
"Billie Eilish","Six Feet Under"
"Keane","Hopes and Fears"
"Falling in Reverse","Watch the World Burn"
"Various Artists","The Voice Kesähitti 2014"
"Various Artists","Suicide Squad: The Album"
"Various","Empik Collection - Muzyka Filmowa"
"Cage the Elephant","Melophobia"
"Guns N' Roses","Don't Cry"
"Ke$ha","Blow"
"Various Artists","WeArmada 2018"
"Lil Tecca","TEC [Clean] [Clean]"
"Sam Smith","In the Lonely Hour"
"Tally Hall","Marvin's Marvelous Mechanical Museum"
"Aphex Twin","Richard D. James Album"
"21 Savage","Without Warning"
"Tool","Undertow"
"Øneheart","This Feeling - Single"
"Kay Flock","The D.O.A. Tape"
"Get Scared","Best Kind Of Mess"
"The National","Space Invader"
"Various Artists","Fade To Grey 1980 - 1984"
"beabadoobee","Beatopia"
"Lana Del Rey","Ultraviolence"
"Avenged Sevenfold","City of Evil"
"Brent Faiyaz","WASTELAND"
"Dreamer Isioma","Sensitive"
"BTS","Proof"
"Ed Sheeran","-"
"Beach House","Beach House"
"Talking Heads","Speaking in Tongues"
"Aerosmith","Toys in the Attic"
"King Princess","1950"
"Various Artists","Los Nº1 de Cadena 100 (2017)"
"Oasis","(What's the Story) Morning Glory? [Remastered]"
"Misha Goldstein","Top 50 Most Popular Classical Piano"
"Chase Atlantic","Part One"
"Maroon 5","Hands All Over"
"Lou Bega","A Little Bit Of Mambo"
"Lorde","Pure Heroine"
"Plan B","Love And Sex"
"Billy Joel","Piano Man: The Very Best Of Billy Joel"
"Various Artists","Bravo The Hits 2021"
"When In Rome","When In Rome"
"Cochise","Hatchback"
"The Bangles","Different Light"
"Macabre Plaza","An Old Smile"
"TK from 凛として時雨","unravel"
"Crush & j-hope","Rush Hour - Single"
"KYLE","iSpy (Feat. Lil Yachty)"
"DJ Khaled","Grateful"
"Title Fight","Hyperview"
"Colde","Love Part 1"
"Sean Paul","Dutty Rock"
"Pink Floyd","Double Hits Collection, Volume 1"
"Nick Jonas","Jealous"
"Destroy Boys","All This Love"
"King Von","What It Means to Be King"
"Beyoncé","Beyoncé"
"NCT 127","NCT #127 CHERRY BOMB – The 3rd Mini Album"
"Max Justus","8 From 808s"
"Sleep Token","Chokehold"
"NCT 127","The 2nd Album 'NCT #127 Neo Zone'"
"Radiohead","The Best Of Radiohead"
"Leaving Time","Leaving Time"
"Eminem","The Eminem Show"
"Jão","Pilantra"
"Yves Tumor","Kerosene!"
"Agust D","D-DAY"
"Beastie Boys","Licensed to Ill"
"Billie Eilish","Happier Than Ever"
"Far East Movement","Free Wired"
"Jimmy Buffett","Changes In Latitudes, Changes In Attitudes"
"Cake","Fashion Nugget"
"Various Artists","Sex Songs"
"100 gecs","1000 gecs"
"Various Artists","Top Gun - Motion Picture Soundtrack (Special Expanded Edition)"
"Billie Eilish","WHEN WE ALL FALL ASLEEP, WHERE DO WE GO?"
"BTS","MAP OF THE SOUL : PERSONA"
"Miley Cyrus","Meet Miley Cyrus"
"The Weeknd","After Hours (Super Deluxe)"
"Selena Gomez","Good for You"
"Charli XCX","Hot Girl (Bodies Bodies Bodies)"
"Florence + the Machine","Free"
"Death Grips","Government Plates"
"Ariana Grande","Yours Truly"
"Carwash","Striptease - Single"
"Zach Bryan","American Heartbreak"
"Alvvays","Alvvays"
"The Brobecks","Violent Things"
"Robin Schulz","Sugar (feat. Francesco Yates) - Single"
"Wiz Khalifa","Rolling Papers"
"Yot Club","aquarium"
"Charlie Puth","Voicenotes"
"The Doors","The Soft Parade"
"Don Toliver","Love Sick (Deluxe)"
"The Breeders","Cannonball"
"Luther Vandross","The Ultimate Luther Vandross"
"Marina Sena","Voltei Pra Mim - Single"
"Gatlin","What If I Love You"
"Summrs","What We Have - EP"
"Lana Del Rey","Lust for Life (Japanese Edition)"
"Chloe x Halle","Ungodly Hour"
"AOA","Miniskirt"
"Sports","Naked All The Time"
"Paul Russell","Lil Boo Thang"
"James Blake","Assume Form (Deluxe)"
"KayBlack","Melhor Só"
"Neil Diamond","His 12 Greatest Hits"
"Famous Dex","Dex Meets Dexter"
"6YNTHMANE","BRAZILIAN DANÇA PHONK"
"Djo","Twenty Twenty"
"(G)I-DLE","I FEEL - EP"
"Stardust","Music Sounds Better With You"
"G-Eazy","When It's Dark Out"
"A$AP Ferg","Plain Jane REMIX (feat. Nicki Minaj) - Single"
"TLC","CrazySexyCool"
"AJR","OK ORCHESTRA"
"Magdalena Bay","Killshot - Single"
"Deftones","Deftones"
"Bruno Major","A Song For every Moon"
"DPR LIVE","Jasmine"
"Xamã","Zodíaco"
"Sonder","Nobody But You"
"awfultune","Dear Sarah - EP"
"Chance the Rapper","Acid Rap"
"The Presidents of the United States of America","The Presidents of the United States of America"
"チャーリー・エックス・シー・エックス","Pop 2"
"Cavetown","This is home - Single"
"NCT 127","Favorite"
"Various Artists","Songs to Make You Feel Good"
"Rita Lee","Perfil"
"Beyoncé","I Am... Sasha Fierce"
"Various Artists","Def Jam 25, Vol 17 - Music To Ride To"
"Various Artists","X-Diaries, Volume 2"
"ENHYPEN","DIMENSION : ANSWER"
"Seether","Finding Beauty in Negative Spaces"
"Weezer","Hash Pipe"
"Lucy Dacus","Hot & Heavy"
"Vansire","Angel Youth"
"Iggy Pop","Nude & Rude: The Best of Iggy Pop"
"Don Omar","The Last Don"
"Stevie Wonder","Stevie Wonder's Original Musiquarium I"
"Rae Sremmurd","SremmLife"
"Ethel Cain","Gibson Girl"
"Various Artists","Calme"
"Jung Kook & Jack Harlow","3D"
"Her's","Invitation to Her's"
"Lil Tecca","Virgo Rising - EP"
"The Cardigans","Gran Turismo"
"Daughter","If You Leave"
"Kid Cudi","love."
"Hotel Ugly","Piggypink - Single"
"Pooh Shiesty","Shiesty Season: Certified"
"Grimes","Shinigami Eyes"
"OneRepublic","Waking Up"
"Thin Lizzy","Jailbreak"
"Vince Staples","Summertime '06"
"Bennett","Vois sur ton chemin (Techno Mix)"
"Wallows","These Days - Single"
"Drake & 21 Savage","Her Loss"
"Cobra Starship","Night Shades (Deluxe Edition)"
"Limp Bizkit","Significant Other"
"Paramore","C'est Comme Ça"
"Björk","Post"
"Jin","Super Tuna"
"Big Thief","Time Escaping"
"TV Girl","French Exit"
"Omi","Cheerleader (Felix Jaehn Remix Radio Edit)"
"Thuy","girls like me don't cry"
"Doja Cat","Freak - Single"
"Fred again..","Turn On The Lights again.. (feat. Future)"
"Rex Orange County","bcos u will never b free"
"Nicki Minaj","Pink Friday (Complete Edition)"
"Flora Matos","Flora Matos vs. StereoDubs"
"The Beatles","The Beatles 1967 - 1970 (Remastered)"
"Bleachers","Modern Girl"
"TOMORROW X TOGETHER","The Dream Chapter: ETERNITY"
"Shania Twain","Come on Over"
"SAFETY TRANCE","Noches de Terror"
"Steely Dan","Can't Buy A Thrill"
"NF","The Search"
"Madison Beer","Life Support"
"DJ Khaled","POPSTAR (feat. Drake) - Single"
"Secos & Molhados","Secos e Molhados"
"Little Mix","Black Magic"
"Demi Lovato","HOLY FVCK"
"Various Artists","100X Zomer 2010"
"Bibi","KAZINO"
"Depeche Mode","Music for the Masses"
"ABBA","The Visitors"
"Black Box Recorder","England Made Me"
"Nina Simone","I Put a Spell on You"
"Zedd","Stay"
"Jungle","Volcano"
"Homixide Gang","Snot or Not"
"Rockwell","Somebody's Watching Me"
"Kiss","Greatest Kiss"
"Katrina and the Waves","Katrina and the Waves"
"Joey Bada$$","ALL-AMERIKKKAN BADA$$"
"1NONLY","Stay With Me"
"311","From Chaos"
"BROCKHAMPTON","GINGER"
"Oliver Anthony Music","Rich Men North of Richmond - Single"
"NEIKED","Better Days (NEIKED x Mae Muller x Polo G)"
"Felipe Amorim","Cadê o After? Pt. 1 - EP"
"Yung Lean","Kyoto"
"Echosmith","Talking Dreams"
"Avenged Sevenfold","Nightmare"
"TOMORROW X TOGETHER","The Dream Chapter: STAR"
"Silver","Silver"
"Nicki Minaj","Essentials"
"Destiny's Child","Survivor"
"The Zombies","The Original Studio Recordings (Volume Four)"
"Against the Current","Legends Never Die - Single"
"Queen","News of the World (2011 Remaster)"
"Kanye West","Cruel Summer"
"TOMORROW X TOGETHER","MAGIC HOUR"
"Steve Miller Band","The Steve Miller Band"
"Meghan Trainor","TAKIN’ IT BACK"
"Kep1er","FIRST IMPACT"
"Various Artists","Sensory Overload"
"Key","Good & Great"
"artist_name","album_name"
